model,grouping,party,weighted_mae,unweighted_mae
elastic_net,county_id,C,0.00890246954193926,0.009170374640423778
ridge,county_id,C,0.00890306651301858,0.009171867590414053
lightgbm,county_id,C,0.00890346051681498,0.00919696639254234
catboost,county_id,C,0.009165486564326794,0.009464595099083973
proportional_swing,county_id,C,0.012514718684443852,0.013027619840310613
ridge,county_id,KD,0.00876512748657891,0.009063439673847958
lightgbm,county_id,KD,0.008791313619372139,0.009119549241765338
elastic_net,county_id,KD,0.00879150313504531,0.009085733240871868
catboost,county_id,KD,0.008928342508106549,0.009233264713792148
proportional_swing,county_id,KD,0.011773950169547204,0.012055828878028953
lightgbm,county_id,L,0.0070457296839051605,0.007099242560925069
catboost,county_id,L,0.0074519817859976314,0.007514470120054373
ridge,county_id,L,0.007452660641744013,0.007531965535859964
elastic_net,county_id,L,0.0074747858384613,0.007546152786438729
proportional_swing,county_id,L,0.00835506604685411,0.008428735889601111
lightgbm,county_id,M,0.014402428696165603,0.014723966286379437
elastic_net,county_id,M,0.014639139664496157,0.014950388620307328
ridge,county_id,M,0.01466637503803033,0.014976108255726067
catboost,county_id,M,0.01473979744764162,0.015102399465285842
proportional_swing,county_id,M,0.01931022898290317,0.019533366357466463
lightgbm,county_id,MP,0.008219029173639128,0.00858571244561066
catboost,county_id,MP,0.00832498419971616,0.008671291390267082
elastic_net,county_id,MP,0.008583433026192685,0.008938245131508593
ridge,county_id,MP,0.008596432766028988,0.008949524649245809
proportional_swing,county_id,MP,0.009116450650014915,0.009439057090216314
catboost,county_id,OTHER,0.006279416476990937,0.00697951325734759
ridge,county_id,OTHER,0.00682719284592143,0.007547432679094779
elastic_net,county_id,OTHER,0.006994911547456883,0.0077243996483841405
proportional_swing,county_id,OTHER,0.007372434611320822,0.008557848975763754
lightgbm,county_id,OTHER,0.008114712385312427,0.00876523181778916
lightgbm,county_id,S,0.01737216119766668,0.01828239996268977
catboost,county_id,S,0.017557824586486855,0.018478056769933443
elastic_net,county_id,S,0.01828434934933794,0.01922767915058168
ridge,county_id,S,0.018290852862782845,0.019234317637243117
proportional_swing,county_id,S,0.032124659196994566,0.03385346995786475
lightgbm,county_id,SD,0.01534311291941022,0.01594136440120779
catboost,county_id,SD,0.015575965263971668,0.0161839647396018
ridge,county_id,SD,0.0161105231817779,0.01681558775723045
elastic_net,county_id,SD,0.016116782117768385,0.016826668936160194
proportional_swing,county_id,SD,0.018627705812195687,0.019295224493035792
lightgbm,county_id,V,0.009657582810953204,0.010445450172546472
catboost,county_id,V,0.01024070542126541,0.011057197150731255
elastic_net,county_id,V,0.012127074646315987,0.01302450628224721
ridge,county_id,V,0.012192774225099795,0.013080713258995177
proportional_swing,county_id,V,0.013029969861245504,0.014538704573174816
ridge,municipality_id,C,0.008575301964410462,0.008859723001440528
elastic_net,municipality_id,C,0.00859118576520073,0.008874237149288073
lightgbm,municipality_id,C,0.008633572009295563,0.008928044796059924
catboost,municipality_id,C,0.008915525246794146,0.009225174044429636
proportional_swing,municipality_id,C,0.012514718684443852,0.013027619840310613
lightgbm,municipality_id,KD,0.008401577457479594,0.008759962458630111
elastic_net,municipality_id,KD,0.008411341998668852,0.008739088877623966
ridge,municipality_id,KD,0.00842172576797764,0.008751312201658822
catboost,municipality_id,KD,0.008491055330736009,0.008826924257375154
proportional_swing,municipality_id,KD,0.011773950169547204,0.012055828878028953
lightgbm,municipality_id,L,0.006893583449338781,0.006962962200956195
catboost,municipality_id,L,0.007287504544798418,0.007367523344103742
ridge,municipality_id,L,0.007313563128120011,0.007412502361631777
elastic_net,municipality_id,L,0.0073144863144051124,0.007405392969587408
proportional_swing,municipality_id,L,0.00835506604685411,0.008428735889601111
lightgbm,municipality_id,M,0.014284837734290503,0.014612162355532924
elastic_net,municipality_id,M,0.014502059970869239,0.014832656056005
ridge,municipality_id,M,0.014522528309518369,0.0148528431851358
catboost,municipality_id,M,0.014545532023469643,0.01490611571536187
proportional_swing,municipality_id,M,0.01931022898290317,0.019533366357466463
lightgbm,municipality_id,MP,0.008131607290343956,0.008497856352144508
catboost,municipality_id,MP,0.008272069257607557,0.008621641730995748
ridge,municipality_id,MP,0.008529760241321627,0.008890838634035912
elastic_net,municipality_id,MP,0.008533433308285184,0.008888973501839146
proportional_swing,municipality_id,MP,0.009116450650014915,0.009439057090216314
catboost,municipality_id,OTHER,0.006026910549465892,0.0067386088428542466
ridge,municipality_id,OTHER,0.006639449121827422,0.007349673597529609
elastic_net,municipality_id,OTHER,0.006775539911075235,0.007482554043832152
proportional_swing,municipality_id,OTHER,0.007372434611320822,0.008557848975763754
lightgbm,municipality_id,OTHER,0.007784442433510565,0.008409867743532229
lightgbm,municipality_id,S,0.017073581575184456,0.018036170335401357
catboost,municipality_id,S,0.017363383700675646,0.018315426530433002
elastic_net,municipality_id,S,0.01791865060109558,0.018844951014438498
ridge,municipality_id,S,0.01792920435665605,0.0188545873948398
proportional_swing,municipality_id,S,0.032124659196994566,0.03385346995786475
lightgbm,municipality_id,SD,0.01496483406654443,0.015583056531969593
catboost,municipality_id,SD,0.01512904690899386,0.015767167469271155
elastic_net,municipality_id,SD,0.01575969403618232,0.016489044221861034
ridge,municipality_id,SD,0.01577941551734762,0.01650460700602602
proportional_swing,municipality_id,SD,0.018627705812195687,0.019295224493035792
lightgbm,municipality_id,V,0.009577629292920305,0.010354132748813043
catboost,municipality_id,V,0.009869536865477315,0.010645538055515404
elastic_net,municipality_id,V,0.011626715401134744,0.012504843794111648
ridge,municipality_id,V,0.011661330003671781,0.012537467156701447
proportional_swing,municipality_id,V,0.013029969861245504,0.014538704573174816
