previous_party,held_out_year,wave_id,kappa,n_eff,log_score,weighted_kl,election_cycle
C,2015,scb_2015M11_original,0.000000000000,303.059606646679,-665.890016121931,284.838618565100,2018
C,2015,scb_2015M11_original,2.000000000000,303.059606646679,-410.932974132927,52.022384173995,2018
C,2015,scb_2015M11_original,5.000000000000,303.059606646679,-405.004471911993,52.022384173995,2018
C,2015,scb_2015M11_original,10.000000000000,303.059606646679,-401.159309848876,52.022384173995,2018
C,2015,scb_2015M11_original,20.000000000000,303.059606646679,-398.114403573465,52.022384173995,2018
C,2015,scb_2015M11_original,50.000000000000,303.059606646679,-395.929496048804,52.022384173995,2018
C,2015,scb_2015M11_original,100.000000000000,303.059606646679,-396.320712768043,52.022384173995,2018
C,2016,scb_2016M05_original,0.000000000000,292.000000000000,-641.589576582176,286.710967317496,2018
C,2016,scb_2016M05_original,2.000000000000,292.000000000000,-382.930315744978,49.079442562888,2018
C,2016,scb_2016M05_original,5.000000000000,292.000000000000,-377.383226825294,49.079442562888,2018
C,2016,scb_2016M05_original,10.000000000000,292.000000000000,-374.032294100510,49.079442562888,2018
C,2016,scb_2016M05_original,20.000000000000,292.000000000000,-371.721629049898,49.079442562888,2018
C,2016,scb_2016M05_original,50.000000000000,292.000000000000,-370.886464202214,49.079442562888,2018
C,2016,scb_2016M05_original,100.000000000000,292.000000000000,-372.419706575664,49.079442562888,2018
C,2016,scb_2016M11_original,0.000000000000,305.000000000000,-670.153496087547,405.613416333102,2018
C,2016,scb_2016M11_original,2.000000000000,305.000000000000,-290.694475240147,21.048863920896,2018
C,2016,scb_2016M11_original,5.000000000000,305.000000000000,-285.055675580928,21.048863920896,2018
C,2016,scb_2016M11_original,10.000000000000,305.000000000000,-281.555445558328,21.048863920896,2018
C,2016,scb_2016M11_original,20.000000000000,305.000000000000,-278.953687043136,21.048863920896,2018
C,2016,scb_2016M11_original,50.000000000000,305.000000000000,-277.275309748896,21.048863920896,2018
C,2016,scb_2016M11_original,100.000000000000,305.000000000000,-277.492436669141,21.048863920896,2018
C,2017,scb_2017M05_original,0.000000000000,319.172933333333,-701.294613540495,385.877704078064,2018
C,2017,scb_2017M05_original,2.000000000000,319.172933333333,-343.748549955675,39.248915307674,2018
C,2017,scb_2017M05_original,5.000000000000,319.172933333333,-337.781195406341,39.248915307674,2018
C,2017,scb_2017M05_original,10.000000000000,319.172933333333,-333.844311584656,39.248915307674,2018
C,2017,scb_2017M05_original,20.000000000000,319.172933333333,-330.596136788701,39.248915307674,2018
C,2017,scb_2017M05_original,50.000000000000,319.172933333333,-327.816150526501,39.248915307674,2018
C,2017,scb_2017M05_original,100.000000000000,319.172933333333,-327.341841986832,39.248915307674,2018
KD,2015,scb_2015M11_original,0.000000000000,191.119600000000,-419.932682330667,155.038992953343,2018
KD,2015,scb_2015M11_original,2.000000000000,191.119600000000,-288.848579117913,17.292794087080,2018
KD,2015,scb_2015M11_original,5.000000000000,191.119600000000,-283.315881040282,17.292794087080,2018
KD,2015,scb_2015M11_original,10.000000000000,191.119600000000,-279.808420928729,17.292794087080,2018
KD,2015,scb_2015M11_original,20.000000000000,191.119600000000,-277.073073479502,17.292794087080,2018
KD,2015,scb_2015M11_original,50.000000000000,191.119600000000,-275.018592183159,17.292794087080,2018
KD,2015,scb_2015M11_original,100.000000000000,191.119600000000,-274.857540258995,17.292794087080,2018
KD,2016,scb_2016M05_original,0.000000000000,181.984632558140,-399.861107354245,137.167448428525,2018
KD,2016,scb_2016M05_original,2.000000000000,181.984632558140,-288.130494776009,14.466484800758,2018
KD,2016,scb_2016M05_original,5.000000000000,181.984632558140,-282.495308959436,14.466484800758,2018
KD,2016,scb_2016M05_original,10.000000000000,181.984632558140,-278.841790837020,14.466484800758,2018
KD,2016,scb_2016M05_original,20.000000000000,181.984632558140,-275.869098000815,14.466484800758,2018
KD,2016,scb_2016M05_original,50.000000000000,181.984632558140,-273.307041132600,14.466484800758,2018
KD,2016,scb_2016M05_original,100.000000000000,181.984632558140,-272.599644459424,14.466484800758,2018
KD,2016,scb_2016M11_original,0.000000000000,196.000000000000,-430.656017157899,138.581869092203,2018
KD,2016,scb_2016M11_original,2.000000000000,196.000000000000,-317.739610401950,14.655963430685,2018
KD,2016,scb_2016M11_original,5.000000000000,196.000000000000,-312.055956799847,14.655963430685,2018
KD,2016,scb_2016M11_original,10.000000000000,196.000000000000,-308.328879579426,14.655963430685,2018
KD,2016,scb_2016M11_original,20.000000000000,196.000000000000,-305.231961623070,14.655963430685,2018
KD,2016,scb_2016M11_original,50.000000000000,196.000000000000,-302.423350540577,14.655963430685,2018
KD,2016,scb_2016M11_original,100.000000000000,196.000000000000,-301.525951006774,14.655963430685,2018
KD,2017,scb_2017M05_original,0.000000000000,195.313748505919,-429.148168508870,146.898074733411,2018
KD,2017,scb_2017M05_original,2.000000000000,195.313748505919,-308.690794436631,26.692857115206,2018
KD,2017,scb_2017M05_original,5.000000000000,195.313748505919,-303.147830710885,26.692857115206,2018
KD,2017,scb_2017M05_original,10.000000000000,195.313748505919,-299.687434010864,26.692857115206,2018
KD,2017,scb_2017M05_original,20.000000000000,195.313748505919,-297.121763655630,26.692857115206,2018
KD,2017,scb_2017M05_original,50.000000000000,195.313748505919,-295.669631399574,26.692857115206,2018
KD,2017,scb_2017M05_original,100.000000000000,195.313748505919,-296.390005858947,26.692857115206,2018
L,2015,scb_2015M11_original,0.000000000000,319.320194666667,-701.618179761386,239.260734058372,2018
L,2015,scb_2015M11_original,2.000000000000,319.320194666667,-488.003147898310,16.009105417238,2018
L,2015,scb_2015M11_original,5.000000000000,319.320194666667,-482.379333066624,16.009105417238,2018
L,2015,scb_2015M11_original,10.000000000000,319.320194666667,-478.688264724589,16.009105417238,2018
L,2015,scb_2015M11_original,20.000000000000,319.320194666667,-475.584846769495,16.009105417238,2018
L,2015,scb_2015M11_original,50.000000000000,319.320194666667,-472.634117524876,16.009105417238,2018
L,2015,scb_2015M11_original,100.000000000000,319.320194666667,-471.532130965188,16.009105417238,2018
L,2016,scb_2016M05_original,0.000000000000,306.042975000000,-672.445146391094,292.105283071360,2018
L,2016,scb_2016M05_original,2.000000000000,306.042975000000,-405.480813009432,26.992787818947,2018
L,2016,scb_2016M05_original,5.000000000000,306.042975000000,-400.089151953328,26.992787818947,2018
L,2016,scb_2016M05_original,10.000000000000,306.042975000000,-396.763747632051,26.992787818947,2018
L,2016,scb_2016M05_original,20.000000000000,306.042975000000,-394.336395536674,26.992787818947,2018
L,2016,scb_2016M05_original,50.000000000000,306.042975000000,-393.060644666811,26.992787818947,2018
L,2016,scb_2016M05_original,100.000000000000,306.042975000000,-393.924573687218,26.992787818947,2018
L,2016,scb_2016M11_original,0.000000000000,282.000000000000,-619.617330808814,191.674497326645,2018
L,2016,scb_2016M11_original,2.000000000000,282.000000000000,-454.757302572775,8.825363098634,2018
L,2016,scb_2016M11_original,5.000000000000,282.000000000000,-449.058578233465,8.825363098634,2018
L,2016,scb_2016M11_original,10.000000000000,282.000000000000,-445.246107636259,8.825363098634,2018
L,2016,scb_2016M11_original,20.000000000000,282.000000000000,-441.925715254800,8.825363098634,2018
L,2016,scb_2016M11_original,50.000000000000,282.000000000000,-438.460882817803,8.825363098634,2018
L,2016,scb_2016M11_original,100.000000000000,282.000000000000,-436.717114255282,8.825363098634,2018
L,2017,scb_2017M05_original,0.000000000000,278.000000000000,-610.828432499469,170.017609263336,2018
L,2017,scb_2017M05_original,2.000000000000,278.000000000000,-466.889968932264,36.016152035774,2018
L,2017,scb_2017M05_original,5.000000000000,278.000000000000,-461.359125454600,36.016152035774,2018
L,2017,scb_2017M05_original,10.000000000000,278.000000000000,-457.895701791478,36.016152035774,2018
L,2017,scb_2017M05_original,20.000000000000,278.000000000000,-455.301370046653,36.016152035774,2018
L,2017,scb_2017M05_original,50.000000000000,278.000000000000,-453.818488510281,36.016152035774,2018
L,2017,scb_2017M05_original,100.000000000000,278.000000000000,-454.748661536963,36.016152035774,2018
M,2015,scb_2015M11_original,0.000000000000,1277.443120661157,-2806.829420865772,1452.211389648178,2018
M,2015,scb_2015M11_original,2.000000000000,1277.443120661157,-1389.365298470399,162.442397354711,2018
M,2015,scb_2015M11_original,5.000000000000,1277.443120661157,-1383.350149966465,162.442397354711,2018
M,2015,scb_2015M11_original,10.000000000000,1277.443120661157,-1379.349242390568,162.442397354711,2018
M,2015,scb_2015M11_original,20.000000000000,1277.443120661157,-1376.033040624904,162.442397354711,2018
M,2015,scb_2015M11_original,50.000000000000,1277.443120661157,-1373.324739873327,162.442397354711,2018
M,2015,scb_2015M11_original,100.000000000000,1277.443120661157,-1373.423809504608,162.442397354711,2018
M,2016,scb_2016M05_original,0.000000000000,1263.594680867850,-2776.401288594157,1811.600217664478,2018
M,2016,scb_2016M05_original,2.000000000000,1263.594680867850,-997.797748385457,79.406940657986,2018
M,2016,scb_2016M05_original,5.000000000000,1263.594680867850,-991.875364805257,79.406940657986,2018
M,2016,scb_2016M05_original,10.000000000000,1263.594680867850,-987.955226884710,79.406940657986,2018
M,2016,scb_2016M05_original,20.000000000000,1263.594680867850,-984.729487634234,79.406940657986,2018
M,2016,scb_2016M05_original,50.000000000000,1263.594680867850,-982.161410294406,79.406940657986,2018
M,2016,scb_2016M05_original,100.000000000000,1263.594680867850,-982.353309248048,79.406940657986,2018
M,2016,scb_2016M11_original,0.000000000000,1273.490400000000,-2798.144405881732,1733.305357197137,2018
M,2016,scb_2016M11_original,2.000000000000,1273.490400000000,-1097.922023801609,56.734257602578,2018
M,2016,scb_2016M11_original,5.000000000000,1273.490400000000,-1091.929515970974,56.734257602578,2018
M,2016,scb_2016M11_original,10.000000000000,1273.490400000000,-1087.893598613014,56.734257602578,2018
M,2016,scb_2016M11_original,20.000000000000,1273.490400000000,-1084.440305729675,56.734257602578,2018
M,2016,scb_2016M11_original,50.000000000000,1273.490400000000,-1081.219776933703,56.734257602578,2018
M,2016,scb_2016M11_original,100.000000000000,1273.490400000000,-1080.414278610355,56.734257602578,2018
M,2017,scb_2017M05_original,0.000000000000,1267.000000000000,-2783.883539484990,1202.861134821077,2018
M,2017,scb_2017M05_original,2.000000000000,1267.000000000000,-1618.089892860327,198.253107003099,2018
M,2017,scb_2017M05_original,5.000000000000,1267.000000000000,-1612.066436193816,198.253107003099,2018
M,2017,scb_2017M05_original,10.000000000000,1267.000000000000,-1608.145950033034,198.253107003099,2018
M,2017,scb_2017M05_original,20.000000000000,1267.000000000000,-1605.090768637257,198.253107003099,2018
M,2017,scb_2017M05_original,50.000000000000,1267.000000000000,-1603.328537206192,198.253107003099,2018
M,2017,scb_2017M05_original,100.000000000000,1267.000000000000,-1605.069763735478,198.253107003099,2018
MP,2015,scb_2015M11_original,0.000000000000,398.844832525952,-876.351668569569,386.386677005554,2018
MP,2015,scb_2015M11_original,2.000000000000,398.844832525952,-514.432912790268,40.367515902052,2018
MP,2015,scb_2015M11_original,5.000000000000,398.844832525952,-509.194243567179,40.367515902052,2018
MP,2015,scb_2015M11_original,10.000000000000,398.844832525952,-506.008745681498,40.367515902052,2018
MP,2015,scb_2015M11_original,20.000000000000,398.844832525952,-503.731317204263,40.367515902052,2018
MP,2015,scb_2015M11_original,50.000000000000,398.844832525952,-502.756220615764,40.367515902052,2018
MP,2015,scb_2015M11_original,100.000000000000,398.844832525952,-504.214465561028,40.367515902052,2018
MP,2016,scb_2016M05_original,0.000000000000,397.000000000000,-872.298157202479,233.357028138189,2018
MP,2016,scb_2016M05_original,2.000000000000,397.000000000000,-665.822372521912,17.536156276694,2018
MP,2016,scb_2016M05_original,5.000000000000,397.000000000000,-660.234013136524,17.536156276694,2018
MP,2016,scb_2016M05_original,10.000000000000,397.000000000000,-656.584835019809,17.536156276694,2018
MP,2016,scb_2016M05_original,20.000000000000,397.000000000000,-653.523172701715,17.536156276694,2018
MP,2016,scb_2016M05_original,50.000000000000,397.000000000000,-650.593386607432,17.536156276694,2018
MP,2016,scb_2016M05_original,100.000000000000,397.000000000000,-649.484024170732,17.536156276694,2018
MP,2016,scb_2016M11_original,0.000000000000,408.640003160494,-897.873858226987,195.568488808408,2018
MP,2016,scb_2016M11_original,2.000000000000,408.640003160494,-730.133580161309,42.131619274448,2018
MP,2016,scb_2016M11_original,5.000000000000,408.640003160494,-724.606783330667,42.131619274448,2018
MP,2016,scb_2016M11_original,10.000000000000,408.640003160494,-721.059826438102,42.131619274448,2018
MP,2016,scb_2016M11_original,20.000000000000,408.640003160494,-718.201052485571,42.131619274448,2018
MP,2016,scb_2016M11_original,50.000000000000,408.640003160494,-715.865759134487,42.131619274448,2018
MP,2016,scb_2016M11_original,100.000000000000,408.640003160494,-715.693875697652,42.131619274448,2018
MP,2017,scb_2017M05_original,0.000000000000,375.000000000000,-823.959216501082,192.889793127515,2018
MP,2017,scb_2017M05_original,2.000000000000,375.000000000000,-657.935606425896,30.960467785855,2018
MP,2017,scb_2017M05_original,5.000000000000,375.000000000000,-652.452644507959,30.960467785855,2018
MP,2017,scb_2017M05_original,10.000000000000,375.000000000000,-648.963620979583,30.960467785855,2018
MP,2017,scb_2017M05_original,20.000000000000,375.000000000000,-646.193840656746,30.960467785855,2018
MP,2017,scb_2017M05_original,50.000000000000,375.000000000000,-644.041210219830,30.960467785855,2018
MP,2017,scb_2017M05_original,100.000000000000,375.000000000000,-644.025255323505,30.960467785855,2018
OTHER,2015,scb_2015M11_original,0.000000000000,157.870397662527,-346.876717777947,72.883017053681,2018
OTHER,2015,scb_2015M11_original,2.000000000000,157.870397662527,-298.542345722544,21.536196215621,2018
OTHER,2015,scb_2015M11_original,5.000000000000,157.870397662527,-293.114143427744,21.536196215621,2018
OTHER,2015,scb_2015M11_original,10.000000000000,157.870397662527,-289.734803161347,21.536196215621,2018
OTHER,2015,scb_2015M11_original,20.000000000000,157.870397662527,-287.203918053458,21.536196215621,2018
OTHER,2015,scb_2015M11_original,50.000000000000,157.870397662527,-285.596641588265,21.536196215621,2018
OTHER,2015,scb_2015M11_original,100.000000000000,157.870397662527,-285.932116577714,21.536196215621,2018
OTHER,2016,scb_2016M05_original,0.000000000000,149.000000000000,-327.386462023097,99.495870572000,2018
OTHER,2016,scb_2016M05_original,2.000000000000,149.000000000000,-250.035609673339,6.493355937918,2018
OTHER,2016,scb_2016M05_original,5.000000000000,149.000000000000,-244.582581485364,6.493355937918,2018
OTHER,2016,scb_2016M05_original,10.000000000000,149.000000000000,-241.076183501789,6.493355937918,2018
OTHER,2016,scb_2016M05_original,20.000000000000,149.000000000000,-238.214585808742,6.493355937918,2018
OTHER,2016,scb_2016M05_original,50.000000000000,149.000000000000,-235.605690974854,6.493355937918,2018
OTHER,2016,scb_2016M05_original,100.000000000000,149.000000000000,-234.562347450148,6.493355937918,2018
OTHER,2016,scb_2016M11_original,0.000000000000,124.963120661157,-274.572039977326,87.686672219887,2018
OTHER,2016,scb_2016M11_original,2.000000000000,124.963120661157,-208.829044660985,20.006345505261,2018
OTHER,2016,scb_2016M11_original,5.000000000000,124.963120661157,-203.656792574831,20.006345505261,2018
OTHER,2016,scb_2016M11_original,10.000000000000,124.963120661157,-200.581639510284,20.006345505261,2018
OTHER,2016,scb_2016M11_original,20.000000000000,124.963120661157,-198.471939474904,20.006345505261,2018
OTHER,2016,scb_2016M11_original,50.000000000000,124.963120661157,-197.543601087055,20.006345505261,2018
OTHER,2016,scb_2016M11_original,100.000000000000,124.963120661157,-198.295835066072,20.006345505261,2018
OTHER,2017,scb_2017M05_original,0.000000000000,143.000000000000,-314.203114559079,73.530425988029,2018
OTHER,2017,scb_2017M05_original,2.000000000000,143.000000000000,-264.595371257546,7.247963257081,2018
OTHER,2017,scb_2017M05_original,5.000000000000,143.000000000000,-258.997072432087,7.247963257081,2018
OTHER,2017,scb_2017M05_original,10.000000000000,143.000000000000,-255.327372670523,7.247963257081,2018
OTHER,2017,scb_2017M05_original,20.000000000000,143.000000000000,-252.246885229866,7.247963257081,2018
OTHER,2017,scb_2017M05_original,50.000000000000,143.000000000000,-249.270381833653,7.247963257081,2018
OTHER,2017,scb_2017M05_original,100.000000000000,143.000000000000,-247.960218170963,7.247963257081,2018
S,2015,scb_2015M11_original,0.000000000000,1588.000000000000,-3489.192628809917,2190.045699059748,2018
S,2015,scb_2015M11_original,2.000000000000,1588.000000000000,-1333.260969447558,15.273415458939,2018
S,2015,scb_2015M11_original,5.000000000000,1588.000000000000,-1326.993722901238,15.273415458939,2018
S,2015,scb_2015M11_original,10.000000000000,1588.000000000000,-1322.676134595793,15.273415458939,2018
S,2015,scb_2015M11_original,20.000000000000,1588.000000000000,-1318.793600114257,15.273415458939,2018
S,2015,scb_2015M11_original,50.000000000000,1588.000000000000,-1314.404986471824,15.273415458939,2018
S,2015,scb_2015M11_original,100.000000000000,1588.000000000000,-1311.725253436651,15.273415458939,2018
S,2016,scb_2016M05_original,0.000000000000,1541.157213619834,-3386.268507304506,2071.578084896388,2018
S,2016,scb_2016M05_original,2.000000000000,1541.157213619834,-1349.335932940408,15.155488393546,2018
S,2016,scb_2016M05_original,5.000000000000,1541.157213619834,-1343.055191757012,15.155488393546,2018
S,2016,scb_2016M05_original,10.000000000000,1541.157213619834,-1338.720551859904,15.155488393546,2018
S,2016,scb_2016M05_original,20.000000000000,1541.157213619834,-1334.813928334810,15.155488393546,2018
S,2016,scb_2016M05_original,50.000000000000,1541.157213619834,-1330.376847944821,15.155488393546,2018
S,2016,scb_2016M05_original,100.000000000000,1541.157213619834,-1327.636279137407,15.155488393546,2018
S,2016,scb_2016M11_original,0.000000000000,1543.235869971886,-3390.835782129070,2195.285318755808,2018
S,2016,scb_2016M11_original,2.000000000000,1543.235869971886,-1229.206803986875,17.368759458235,2018
S,2016,scb_2016M11_original,5.000000000000,1543.235869971886,-1222.937215207896,17.368759458235,2018
S,2016,scb_2016M11_original,10.000000000000,1543.235869971886,-1218.621011658837,17.368759458235,2018
S,2016,scb_2016M11_original,20.000000000000,1543.235869971886,-1214.750704597735,17.368759458235,2018
S,2016,scb_2016M11_original,50.000000000000,1543.235869971886,-1210.418314273720,17.368759458235,2018
S,2016,scb_2016M11_original,100.000000000000,1543.235869971886,-1207.839190410121,17.368759458235,2018
S,2017,scb_2017M05_original,0.000000000000,1508.000000000000,-3313.414662623019,2138.055656987575,2018
S,2017,scb_2017M05_original,2.000000000000,1508.000000000000,-1209.528341052021,22.024754494974,2018
S,2017,scb_2017M05_original,5.000000000000,1508.000000000000,-1203.272315162794,22.024754494974,2018
S,2017,scb_2017M05_original,10.000000000000,1508.000000000000,-1198.967840010188,22.024754494974,2018
S,2017,scb_2017M05_original,20.000000000000,1508.000000000000,-1195.112162415791,22.024754494974,2018
S,2017,scb_2017M05_original,50.000000000000,1508.000000000000,-1190.819130162177,22.024754494974,2018
S,2017,scb_2017M05_original,100.000000000000,1508.000000000000,-1188.309530040509,22.024754494974,2018
SD,2015,scb_2015M11_original,0.000000000000,472.000000000000,-1037.090000502696,661.148704974951,2018
SD,2015,scb_2015M11_original,2.000000000000,472.000000000000,-412.044297995372,147.011070434477,2018
SD,2015,scb_2015M11_original,5.000000000000,472.000000000000,-405.789739142594,147.011070434477,2018
SD,2015,scb_2015M11_original,10.000000000000,472.000000000000,-401.742416196287,147.011070434477,2018
SD,2015,scb_2015M11_original,20.000000000000,472.000000000000,-398.722721437970,147.011070434477,2018
SD,2015,scb_2015M11_original,50.000000000000,472.000000000000,-397.498694214994,147.011070434477,2018
SD,2015,scb_2015M11_original,100.000000000000,472.000000000000,-400.065043185002,147.011070434477,2018
SD,2016,scb_2016M05_original,0.000000000000,420.000000000000,-922.834322481212,610.424352119933,2018
SD,2016,scb_2016M05_original,2.000000000000,420.000000000000,-345.691152761447,97.751047155034,2018
SD,2016,scb_2016M05_original,5.000000000000,420.000000000000,-339.767686355056,97.751047155034,2018
SD,2016,scb_2016M05_original,10.000000000000,420.000000000000,-336.115736984019,97.751047155034,2018
SD,2016,scb_2016M05_original,20.000000000000,420.000000000000,-333.602001455584,97.751047155034,2018
SD,2016,scb_2016M05_original,50.000000000000,420.000000000000,-332.948366249907,97.751047155034,2018
SD,2016,scb_2016M05_original,100.000000000000,420.000000000000,-335.319724512634,97.751047155034,2018
SD,2016,scb_2016M11_original,0.000000000000,459.000000000000,-1008.526080997325,737.164599235958,2018
SD,2016,scb_2016M11_original,2.000000000000,459.000000000000,-303.037160789476,48.267209769395,2018
SD,2016,scb_2016M11_original,5.000000000000,459.000000000000,-296.991452878333,48.267209769395,2018
SD,2016,scb_2016M11_original,10.000000000000,459.000000000000,-293.145339872440,48.267209769395,2018
SD,2016,scb_2016M11_original,20.000000000000,459.000000000000,-290.266683572332,48.267209769395,2018
SD,2016,scb_2016M11_original,50.000000000000,459.000000000000,-288.620341178466,48.267209769395,2018
SD,2016,scb_2016M11_original,100.000000000000,459.000000000000,-289.529674788972,48.267209769395,2018
SD,2017,scb_2017M05_original,0.000000000000,426.200650137741,-936.458543359320,580.803979611309,2018
SD,2017,scb_2017M05_original,2.000000000000,426.200650137741,-390.360272072885,89.652323983834,2018
SD,2017,scb_2017M05_original,5.000000000000,426.200650137741,-384.097448018723,89.652323983834,2018
SD,2017,scb_2017M05_original,10.000000000000,426.200650137741,-379.960902417078,89.652323983834,2018
SD,2017,scb_2017M05_original,20.000000000000,426.200650137741,-376.667141256037,89.652323983834,2018
SD,2017,scb_2017M05_original,50.000000000000,426.200650137741,-374.447247791491,89.652323983834,2018
SD,2017,scb_2017M05_original,100.000000000000,426.200650137741,-375.328990498596,89.652323983834,2018
V,2015,scb_2015M11_original,0.000000000000,270.514998543184,-594.382203337156,327.352808553218,2018
V,2015,scb_2015M11_original,2.000000000000,270.514998543184,-297.330867290340,38.400545731614,2018
V,2015,scb_2015M11_original,5.000000000000,270.514998543184,-291.133472145008,38.400545731614,2018
V,2015,scb_2015M11_original,10.000000000000,270.514998543184,-286.958741710767,38.400545731614,2018
V,2015,scb_2015M11_original,20.000000000000,270.514998543184,-283.425939217703,38.400545731614,2018
V,2015,scb_2015M11_original,50.000000000000,270.514998543184,-280.203215478367,38.400545731614,2018
V,2015,scb_2015M11_original,100.000000000000,270.514998543184,-279.329663070242,38.400545731614,2018
V,2016,scb_2016M05_original,0.000000000000,251.311280991735,-552.187323156890,275.551503474430,2018
V,2016,scb_2016M05_original,2.000000000000,251.311280991735,-304.252053393713,40.283685406959,2018
V,2016,scb_2016M05_original,5.000000000000,251.311280991735,-298.573038971355,40.283685406959,2018
V,2016,scb_2016M05_original,10.000000000000,251.311280991735,-295.083273750889,40.283685406959,2018
V,2016,scb_2016M05_original,20.000000000000,251.311280991735,-292.607676170342,40.283685406959,2018
V,2016,scb_2016M05_original,50.000000000000,251.311280991735,-291.488522731228,40.283685406959,2018
V,2016,scb_2016M05_original,100.000000000000,251.311280991735,-292.670220642302,40.283685406959,2018
V,2016,scb_2016M11_original,0.000000000000,288.913719008264,-634.808324134569,368.569527200841,2018
V,2016,scb_2016M11_original,2.000000000000,288.913719008264,-292.777001517316,7.078689105133,2018
V,2016,scb_2016M11_original,5.000000000000,288.913719008264,-286.718702133453,7.078689105133,2018
V,2016,scb_2016M11_original,10.000000000000,288.913719008264,-282.646420820816,7.078689105133,2018
V,2016,scb_2016M11_original,20.000000000000,288.913719008264,-279.144294160871,7.078689105133,2018
V,2016,scb_2016M11_original,50.000000000000,288.913719008264,-275.609654635761,7.078689105133,2018
V,2016,scb_2016M11_original,100.000000000000,288.913719008264,-273.902022788364,7.078689105133,2018
V,2017,scb_2017M05_original,0.000000000000,283.091783898892,-622.016225224599,311.163092020174,2018
V,2017,scb_2017M05_original,2.000000000000,283.091783898892,-341.696868925797,47.037496757385,2018
V,2017,scb_2017M05_original,5.000000000000,283.091783898892,-335.578567490971,47.037496757385,2018
V,2017,scb_2017M05_original,10.000000000000,283.091783898892,-331.523113710608,47.037496757385,2018
V,2017,scb_2017M05_original,20.000000000000,283.091783898892,-328.202215766979,47.037496757385,2018
V,2017,scb_2017M05_original,50.000000000000,283.091783898892,-325.516608044726,47.037496757385,2018
V,2017,scb_2017M05_original,100.000000000000,283.091783898892,-325.366913234030,47.037496757385,2018
C,2019,scb_2019M05_revised,0.000000000000,348.130191548360,-764.920212982822,362.815161623040,2022
C,2019,scb_2019M05_revised,2.000000000000,348.130191548360,-430.588748739433,38.332875312503,2022
C,2019,scb_2019M05_revised,5.000000000000,348.130191548360,-424.767492917455,38.332875312503,2022
C,2019,scb_2019M05_revised,10.000000000000,348.130191548360,-420.996070256863,38.332875312503,2022
C,2019,scb_2019M05_revised,20.000000000000,348.130191548360,-417.996757647958,38.332875312503,2022
C,2019,scb_2019M05_revised,50.000000000000,348.130191548360,-415.763747810182,38.332875312503,2022
C,2019,scb_2019M05_revised,100.000000000000,348.130191548360,-415.940505822149,38.332875312503,2022
C,2019,scb_2019M11_revised,0.000000000000,359.418393351801,-789.722927419273,384.860011908162,2022
C,2019,scb_2019M11_revised,2.000000000000,359.418393351801,-433.545716032175,17.149962823082,2022
C,2019,scb_2019M11_revised,5.000000000000,359.418393351801,-427.603669236088,17.149962823082,2022
C,2019,scb_2019M11_revised,10.000000000000,359.418393351801,-423.634817109201,17.149962823082,2022
C,2019,scb_2019M11_revised,20.000000000000,359.418393351801,-420.254480629788,17.149962823082,2022
C,2019,scb_2019M11_revised,50.000000000000,359.418393351801,-416.976228609685,17.149962823082,2022
C,2019,scb_2019M11_revised,100.000000000000,359.418393351801,-415.671753996200,17.149962823082,2022
C,2020,scb_2020M05_revised,0.000000000000,351.186740236686,-771.636136882638,352.979040895651,2022
C,2020,scb_2020M05_revised,2.000000000000,351.186740236686,-445.090463342151,19.027093060502,2022
C,2020,scb_2020M05_revised,5.000000000000,351.186740236686,-439.279815093249,19.027093060502,2022
C,2020,scb_2020M05_revised,10.000000000000,351.186740236686,-435.496859227895,19.027093060502,2022
C,2020,scb_2020M05_revised,20.000000000000,351.186740236686,-432.401983197635,19.027093060502,2022
C,2020,scb_2020M05_revised,50.000000000000,351.186740236686,-429.697929158069,19.027093060502,2022
C,2020,scb_2020M05_revised,100.000000000000,351.186740236686,-429.001055474543,19.027093060502,2022
C,2020,scb_2020M11_revised,0.000000000000,345.394763636364,-758.909863545053,329.076516831113,2022
C,2020,scb_2020M11_revised,2.000000000000,345.394763636364,-457.103365767926,34.082399508483,2022
C,2020,scb_2020M11_revised,5.000000000000,345.394763636364,-451.355661896245,34.082399508483,2022
C,2020,scb_2020M11_revised,10.000000000000,345.394763636364,-447.674593660481,34.082399508483,2022
C,2020,scb_2020M11_revised,20.000000000000,345.394763636364,-444.773356322917,34.082399508483,2022
C,2020,scb_2020M11_revised,50.000000000000,345.394763636364,-442.586546167885,34.082399508483,2022
C,2020,scb_2020M11_revised,100.000000000000,345.394763636364,-442.608609219940,34.082399508483,2022
C,2021,scb_2021M05_revised,0.000000000000,317.738736000000,-698.143359910945,318.186951979805,2022
C,2021,scb_2021M05_revised,2.000000000000,317.738736000000,-406.570480880282,25.643015467566,2022
C,2021,scb_2021M05_revised,5.000000000000,317.738736000000,-400.772212422528,25.643015467566,2022
C,2021,scb_2021M05_revised,10.000000000000,317.738736000000,-396.991792331325,25.643015467566,2022
C,2021,scb_2021M05_revised,20.000000000000,317.738736000000,-393.894104236890,25.643015467566,2022
C,2021,scb_2021M05_revised,50.000000000000,317.738736000000,-391.192178966481,25.643015467566,2022
C,2021,scb_2021M05_revised,100.000000000000,317.738736000000,-390.542612675405,25.643015467566,2022
KD,2019,scb_2019M05_revised,0.000000000000,258.667733333333,-568.351101043851,292.783117614627,2022
KD,2019,scb_2019M05_revised,2.000000000000,258.667733333333,-304.312420378225,85.586345691826,2022
KD,2019,scb_2019M05_revised,5.000000000000,258.667733333333,-299.260698671592,85.586345691826,2022
KD,2019,scb_2019M05_revised,10.000000000000,258.667733333333,-296.681919793073,85.586345691826,2022
KD,2019,scb_2019M05_revised,20.000000000000,258.667733333333,-295.838958744637,85.586345691826,2022
KD,2019,scb_2019M05_revised,50.000000000000,258.667733333333,-298.767968851027,85.586345691826,2022
KD,2019,scb_2019M05_revised,100.000000000000,258.667733333333,-304.876904816269,85.586345691826,2022
KD,2019,scb_2019M11_revised,0.000000000000,262.561395833333,-576.906351984704,294.897431049481,2022
KD,2019,scb_2019M11_revised,2.000000000000,262.561395833333,-308.871933513581,43.649288611974,2022
KD,2019,scb_2019M11_revised,5.000000000000,262.561395833333,-303.353312744642,43.649288611974,2022
KD,2019,scb_2019M11_revised,10.000000000000,262.561395833333,-300.033721673484,43.649288611974,2022
KD,2019,scb_2019M11_revised,20.000000000000,262.561395833333,-297.833018135904,43.649288611974,2022
KD,2019,scb_2019M11_revised,50.000000000000,262.561395833333,-297.434972077639,43.649288611974,2022
KD,2019,scb_2019M11_revised,100.000000000000,262.561395833333,-299.541627597770,43.649288611974,2022
KD,2020,scb_2020M05_revised,0.000000000000,271.430734986226,-596.394281956170,271.507500283186,2022
KD,2020,scb_2020M05_revised,2.000000000000,271.430734986226,-355.173568415455,36.426609879121,2022
KD,2020,scb_2020M05_revised,5.000000000000,271.430734986226,-349.150933129333,36.426609879121,2022
KD,2020,scb_2020M05_revised,10.000000000000,271.430734986226,-345.153046525688,36.426609879121,2022
KD,2020,scb_2020M05_revised,20.000000000000,271.430734986226,-341.858827599889,36.426609879121,2022
KD,2020,scb_2020M05_revised,50.000000000000,271.430734986226,-339.142641088564,36.426609879121,2022
KD,2020,scb_2020M05_revised,100.000000000000,271.430734986226,-338.887609146115,36.426609879121,2022
KD,2020,scb_2020M11_revised,0.000000000000,284.249850653983,-624.560757961082,241.397013390220,2022
KD,2020,scb_2020M11_revised,2.000000000000,284.249850653983,-414.017813451174,36.117224821614,2022
KD,2020,scb_2020M11_revised,5.000000000000,284.249850653983,-407.990199625639,36.117224821614,2022
KD,2020,scb_2020M11_revised,10.000000000000,284.249850653983,-403.984175402196,36.117224821614,2022
KD,2020,scb_2020M11_revised,20.000000000000,284.249850653983,-400.674228375456,36.117224821614,2022
KD,2020,scb_2020M11_revised,50.000000000000,284.249850653983,-397.914439772566,36.117224821614,2022
KD,2020,scb_2020M11_revised,100.000000000000,284.249850653983,-397.595456628349,36.117224821614,2022
KD,2021,scb_2021M05_revised,0.000000000000,260.115669666528,-571.532542341566,220.890362382502,2022
KD,2021,scb_2021M05_revised,2.000000000000,260.115669666528,-380.741368858427,49.981557247180,2022
KD,2021,scb_2021M05_revised,5.000000000000,260.115669666528,-374.952859393921,49.981557247180,2022
KD,2021,scb_2021M05_revised,10.000000000000,260.115669666528,-371.313925077188,49.981557247180,2022
KD,2021,scb_2021M05_revised,20.000000000000,260.115669666528,-368.658539515471,49.981557247180,2022
KD,2021,scb_2021M05_revised,50.000000000000,260.115669666528,-367.516402600488,49.981557247180,2022
KD,2021,scb_2021M05_revised,100.000000000000,260.115669666528,-369.234071088401,49.981557247180,2022
L,2019,scb_2019M05_revised,0.000000000000,252.718044444444,-555.278298389680,181.667972362026,2022
L,2019,scb_2019M05_revised,2.000000000000,252.718044444444,-399.120516786876,48.264937661064,2022
L,2019,scb_2019M05_revised,5.000000000000,252.718044444444,-393.926813338415,48.264937661064,2022
L,2019,scb_2019M05_revised,10.000000000000,252.718044444444,-390.879671390988,48.264937661064,2022
L,2019,scb_2019M05_revised,20.000000000000,252.718044444444,-388.981863753974,48.264937661064,2022
L,2019,scb_2019M05_revised,50.000000000000,252.718044444444,-389.172308627214,48.264937661064,2022
L,2019,scb_2019M05_revised,100.000000000000,252.718044444444,-392.064240147466,48.264937661064,2022
L,2019,scb_2019M11_revised,0.000000000000,257.358562364561,-565.474558415329,178.017105346272,2022
L,2019,scb_2019M11_revised,2.000000000000,257.358562364561,-412.838546955974,19.178871999485,2022
L,2019,scb_2019M11_revised,5.000000000000,257.358562364561,-407.357007826168,19.178871999485,2022
L,2019,scb_2019M11_revised,10.000000000000,257.358562364561,-403.844706289495,19.178871999485,2022
L,2019,scb_2019M11_revised,20.000000000000,257.358562364561,-401.067156140407,19.178871999485,2022
L,2019,scb_2019M11_revised,50.000000000000,257.358562364561,-398.957499732438,19.178871999485,2022
L,2019,scb_2019M11_revised,100.000000000000,257.358562364561,-398.843889690226,19.178871999485,2022
L,2020,scb_2020M05_revised,0.000000000000,235.826081484905,-518.162862215528,100.236491587055,2022
L,2020,scb_2020M05_revised,2.000000000000,235.826081484905,-444.341250363012,43.641261492357,2022
L,2020,scb_2020M05_revised,5.000000000000,235.826081484905,-439.059717838869,43.641261492357,2022
L,2020,scb_2020M05_revised,10.000000000000,235.826081484905,-435.870784459006,43.641261492357,2022
L,2020,scb_2020M05_revised,20.000000000000,235.826081484905,-433.688678423768,43.641261492357,2022
L,2020,scb_2020M05_revised,50.000000000000,235.826081484905,-433.120102363390,43.641261492357,2022
L,2020,scb_2020M05_revised,100.000000000000,235.826081484905,-435.077043554321,43.641261492357,2022
L,2020,scb_2020M11_revised,0.000000000000,252.306813536332,-554.374731731416,131.865968923049,2022
L,2020,scb_2020M11_revised,2.000000000000,252.306813536332,-448.271807756397,20.640473048781,2022
L,2020,scb_2020M11_revised,5.000000000000,252.306813536332,-442.765796756836,20.640473048781,2022
L,2020,scb_2020M11_revised,10.000000000000,252.306813536332,-439.214872192512,20.640473048781,2022
L,2020,scb_2020M11_revised,20.000000000000,252.306813536332,-436.350598050633,20.640473048781,2022
L,2020,scb_2020M11_revised,50.000000000000,252.306813536332,-434.011369043135,20.640473048781,2022
L,2020,scb_2020M11_revised,100.000000000000,252.306813536332,-433.675124159013,20.640473048781,2022
L,2021,scb_2021M05_revised,0.000000000000,230.486689613412,-506.431019167454,136.446524318078,2022
L,2021,scb_2021M05_revised,2.000000000000,230.486689613412,-394.674623703778,31.424732383305,2022
L,2021,scb_2021M05_revised,5.000000000000,230.486689613412,-389.391823197067,31.424732383305,2022
L,2021,scb_2021M05_revised,10.000000000000,230.486689613412,-386.201225618621,31.424732383305,2022
L,2021,scb_2021M05_revised,20.000000000000,230.486689613412,-383.996690617599,31.424732383305,2022
L,2021,scb_2021M05_revised,50.000000000000,230.486689613412,-383.238970884984,31.424732383305,2022
L,2021,scb_2021M05_revised,100.000000000000,230.486689613412,-384.702954572330,31.424732383305,2022
M,2019,scb_2019M05_revised,0.000000000000,746.693214814815,-1640.652683321304,754.566422945716,2022
M,2019,scb_2019M05_revised,2.000000000000,746.693214814815,-919.296783715504,258.249668027279,2022
M,2019,scb_2019M05_revised,5.000000000000,746.693214814815,-913.589085671284,258.249668027279,2022
M,2019,scb_2019M05_revised,10.000000000000,746.693214814815,-910.191388822374,258.249668027279,2022
M,2019,scb_2019M05_revised,20.000000000000,746.693214814815,-908.128462077456,258.249668027279,2022
M,2019,scb_2019M05_revised,50.000000000000,746.693214814815,-909.033329225917,258.249668027279,2022
M,2019,scb_2019M05_revised,100.000000000000,746.693214814815,-914.575172568479,258.249668027279,2022
M,2019,scb_2019M11_revised,0.000000000000,816.662779063361,-1794.391529553716,994.461756032705,2022
M,2019,scb_2019M11_revised,2.000000000000,816.662779063361,-832.702488357833,43.002439780416,2022
M,2019,scb_2019M11_revised,5.000000000000,816.662779063361,-826.537897431136,43.002439780416,2022
M,2019,scb_2019M11_revised,10.000000000000,816.662779063361,-822.385238303185,43.002439780416,2022
M,2019,scb_2019M11_revised,20.000000000000,816.662779063361,-818.836131796113,43.002439780416,2022
M,2019,scb_2019M11_revised,50.000000000000,816.662779063361,-815.459597319988,43.002439780416,2022
M,2019,scb_2019M11_revised,100.000000000000,816.662779063361,-814.387052470212,43.002439780416,2022
M,2020,scb_2020M05_revised,0.000000000000,809.939106925208,-1779.618111881815,975.156846336264,2022
M,2020,scb_2020M05_revised,2.000000000000,809.939106925208,-837.050522212488,146.008756321246,2022
M,2020,scb_2020M05_revised,5.000000000000,809.939106925208,-831.194852961532,146.008756321246,2022
M,2020,scb_2020M05_revised,10.000000000000,809.939106925208,-827.451741168160,146.008756321246,2022
M,2020,scb_2020M05_revised,20.000000000000,809.939106925208,-824.621846695412,146.008756321246,2022
M,2020,scb_2020M05_revised,50.000000000000,809.939106925208,-823.207930511456,146.008756321246,2022
M,2020,scb_2020M05_revised,100.000000000000,809.939106925208,-825.106491115033,146.008756321246,2022
M,2020,scb_2020M11_revised,0.000000000000,812.474686419753,-1785.189349465019,1155.884431111823,2022
M,2020,scb_2020M11_revised,2.000000000000,812.474686419753,-660.318670996338,34.930037607044,2022
M,2020,scb_2020M11_revised,5.000000000000,812.474686419753,-654.290313178386,34.930037607044,2022
M,2020,scb_2020M11_revised,10.000000000000,812.474686419753,-650.260668798771,34.930037607044,2022
M,2020,scb_2020M11_revised,20.000000000000,812.474686419753,-646.862532116964,34.930037607044,2022
M,2020,scb_2020M11_revised,50.000000000000,812.474686419753,-643.782557974994,34.930037607044,2022
M,2020,scb_2020M11_revised,100.000000000000,812.474686419753,-643.031531758590,34.930037607044,2022
M,2021,scb_2021M05_revised,0.000000000000,789.794544000000,-1735.355983122852,1094.483251215496,2022
M,2021,scb_2021M05_revised,2.000000000000,789.794544000000,-673.499733370068,38.360820437328,2022
M,2021,scb_2021M05_revised,5.000000000000,789.794544000000,-667.466847375958,38.360820437328,2022
M,2021,scb_2021M05_revised,10.000000000000,789.794544000000,-663.447888296200,38.360820437328,2022
M,2021,scb_2021M05_revised,20.000000000000,789.794544000000,-660.083563631082,38.360820437328,2022
M,2021,scb_2021M05_revised,50.000000000000,789.794544000000,-657.111414611551,38.360820437328,2022
M,2021,scb_2021M05_revised,100.000000000000,789.794544000000,-656.518277580250,38.360820437328,2022
MP,2019,scb_2019M05_revised,0.000000000000,182.742511000000,-401.526336493334,181.909790001844,2022
MP,2019,scb_2019M05_revised,2.000000000000,182.742511000000,-247.321097269161,44.004575538785,2022
MP,2019,scb_2019M05_revised,5.000000000000,182.742511000000,-241.837395501182,44.004575538785,2022
MP,2019,scb_2019M05_revised,10.000000000000,182.742511000000,-238.575933425696,44.004575538785,2022
MP,2019,scb_2019M05_revised,20.000000000000,182.742511000000,-236.507750694315,44.004575538785,2022
MP,2019,scb_2019M05_revised,50.000000000000,182.742511000000,-236.488848102390,44.004575538785,2022
MP,2019,scb_2019M05_revised,100.000000000000,182.742511000000,-239.013609618648,44.004575538785,2022
MP,2019,scb_2019M11_revised,0.000000000000,191.176455824683,-420.057607346025,169.342104021509,2022
MP,2019,scb_2019M11_revised,2.000000000000,191.176455824683,-278.897019529965,32.164942224643,2022
MP,2019,scb_2019M11_revised,5.000000000000,191.176455824683,-273.157706235284,32.164942224643,2022
MP,2019,scb_2019M11_revised,10.000000000000,191.176455824683,-269.494553619174,32.164942224643,2022
MP,2019,scb_2019M11_revised,20.000000000000,191.176455824683,-266.702295421375,32.164942224643,2022
MP,2019,scb_2019M11_revised,50.000000000000,191.176455824683,-264.978543639644,32.164942224643,2022
MP,2019,scb_2019M11_revised,100.000000000000,191.176455824683,-265.599846170704,32.164942224643,2022
MP,2020,scb_2020M05_revised,0.000000000000,196.623101926029,-432.025112023955,147.484064084462,2022
MP,2020,scb_2020M05_revised,2.000000000000,196.623101926029,-312.219256199208,40.250329892533,2022
MP,2020,scb_2020M05_revised,5.000000000000,196.623101926029,-306.615844938269,40.250329892533,2022
MP,2020,scb_2020M05_revised,10.000000000000,196.623101926029,-303.214031550939,40.250329892533,2022
MP,2020,scb_2020M05_revised,20.000000000000,196.623101926029,-300.908291683954,40.250329892533,2022
MP,2020,scb_2020M05_revised,50.000000000000,196.623101926029,-300.324921533012,40.250329892533,2022
MP,2020,scb_2020M05_revised,100.000000000000,196.623101926029,-302.245924928327,40.250329892533,2022
MP,2020,scb_2020M11_revised,0.000000000000,197.875617129482,-434.777169212469,176.368241840081,2022
MP,2020,scb_2020M11_revised,2.000000000000,197.875617129482,-284.933384464179,20.470575858904,2022
MP,2020,scb_2020M11_revised,5.000000000000,197.875617129482,-279.051832883946,20.470575858904,2022
MP,2020,scb_2020M11_revised,10.000000000000,197.875617129482,-275.212856573555,20.470575858904,2022
MP,2020,scb_2020M11_revised,20.000000000000,197.875617129482,-272.115412208395,20.470575858904,2022
MP,2020,scb_2020M11_revised,50.000000000000,197.875617129482,-269.621129172466,20.470575858904,2022
MP,2020,scb_2020M11_revised,100.000000000000,197.875617129482,-269.275903127836,20.470575858904,2022
MP,2021,scb_2021M05_revised,0.000000000000,190.588097966172,-418.764852999036,168.758044366818,2022
MP,2021,scb_2021M05_revised,2.000000000000,190.588097966172,-278.269803016973,13.176271093163,2022
MP,2021,scb_2021M05_revised,5.000000000000,190.588097966172,-272.207152994643,13.176271093163,2022
MP,2021,scb_2021M05_revised,10.000000000000,190.588097966172,-268.115960376751,13.176271093163,2022
MP,2021,scb_2021M05_revised,20.000000000000,190.588097966172,-264.615676407679,13.176271093163,2022
MP,2021,scb_2021M05_revised,50.000000000000,190.588097966172,-261.251052714203,13.176271093163,2022
MP,2021,scb_2021M05_revised,100.000000000000,190.588097966172,-259.927420464090,13.176271093163,2022
OTHER,2019,scb_2019M05_revised,0.000000000000,51.000000000000,-112.058453444147,30.942896835840,2022
OTHER,2019,scb_2019M05_revised,2.000000000000,51.000000000000,-97.706323914311,7.814034355100,2022
OTHER,2019,scb_2019M05_revised,5.000000000000,51.000000000000,-92.943363977865,7.814034355100,2022
OTHER,2019,scb_2019M05_revised,10.000000000000,51.000000000000,-90.284752555076,7.814034355100,2022
OTHER,2019,scb_2019M05_revised,20.000000000000,51.000000000000,-88.561762721904,7.814034355100,2022
OTHER,2019,scb_2019M05_revised,50.000000000000,51.000000000000,-87.659944565121,7.814034355100,2022
OTHER,2019,scb_2019M05_revised,100.000000000000,51.000000000000,-87.715014229406,7.814034355100,2022
OTHER,2019,scb_2019M11_revised,0.000000000000,48.000000000000,-105.466779712139,25.830959627082,2022
OTHER,2019,scb_2019M11_revised,2.000000000000,48.000000000000,-95.807905553775,2.936056632346,2022
OTHER,2019,scb_2019M11_revised,5.000000000000,48.000000000000,-90.849880575504,2.936056632346,2022
OTHER,2019,scb_2019M11_revised,10.000000000000,48.000000000000,-87.907665373880,2.936056632346,2022
OTHER,2019,scb_2019M11_revised,20.000000000000,48.000000000000,-85.730283051476,2.936056632346,2022
OTHER,2019,scb_2019M11_revised,50.000000000000,48.000000000000,-83.961743960915,2.936056632346,2022
OTHER,2019,scb_2019M11_revised,100.000000000000,48.000000000000,-83.269799398493,2.936056632346,2022
OTHER,2020,scb_2020M05_revised,0.000000000000,51.050462166667,-112.169330156973,18.109169837841,2022
OTHER,2020,scb_2020M05_revised,2.000000000000,51.050462166667,-112.198045750507,6.831259802964,2022
OTHER,2020,scb_2020M05_revised,5.000000000000,51.050462166667,-107.160829460163,6.831259802964,2022
OTHER,2020,scb_2020M05_revised,10.000000000000,51.050462166667,-104.212459345861,6.831259802964,2022
OTHER,2020,scb_2020M05_revised,20.000000000000,51.050462166667,-102.134778185025,6.831259802964,2022
OTHER,2020,scb_2020M05_revised,50.000000000000,51.050462166667,-100.719129723149,6.831259802964,2022
OTHER,2020,scb_2020M05_revised,100.000000000000,51.050462166667,-100.421201450520,6.831259802964,2022
OTHER,2020,scb_2020M11_revised,0.000000000000,47.826556118343,-105.085684552574,13.205794251894,2022
OTHER,2020,scb_2020M11_revised,2.000000000000,47.826556118343,-110.102344730910,5.809131891541,2022
OTHER,2020,scb_2020M11_revised,5.000000000000,47.826556118343,-104.989414511984,5.809131891541,2022
OTHER,2020,scb_2020M11_revised,10.000000000000,47.826556118343,-101.939167106898,5.809131891541,2022
OTHER,2020,scb_2020M11_revised,20.000000000000,47.826556118343,-99.714632987901,5.809131891541,2022
OTHER,2020,scb_2020M11_revised,50.000000000000,47.826556118343,-98.058896495913,5.809131891541,2022
OTHER,2020,scb_2020M11_revised,100.000000000000,47.826556118343,-97.583242582718,5.809131891541,2022
OTHER,2021,scb_2021M05_revised,0.000000000000,47.653726991232,-104.705940146805,20.365700137741,2022
OTHER,2021,scb_2021M05_revised,2.000000000000,47.653726991232,-101.052250546412,2.144242726766,2022
OTHER,2021,scb_2021M05_revised,5.000000000000,47.653726991232,-95.944940775298,2.144242726766,2022
OTHER,2021,scb_2021M05_revised,10.000000000000,47.653726991232,-92.837524724866,2.144242726766,2022
OTHER,2021,scb_2021M05_revised,20.000000000000,47.653726991232,-90.451144350137,2.144242726766,2022
OTHER,2021,scb_2021M05_revised,50.000000000000,47.653726991232,-88.381205806364,2.144242726766,2022
OTHER,2021,scb_2021M05_revised,100.000000000000,47.653726991232,-87.495711005558,2.144242726766,2022
S,2019,scb_2019M05_revised,0.000000000000,1072.940004318339,-2357.490147495484,1719.239836716040,2022
S,2019,scb_2019M05_revised,2.000000000000,1072.940004318339,-671.926327960181,13.774739120225,2022
S,2019,scb_2019M05_revised,5.000000000000,1072.940004318339,-665.546680698870,13.774739120225,2022
S,2019,scb_2019M05_revised,10.000000000000,1072.940004318339,-661.130251900799,13.774739120225,2022
S,2019,scb_2019M05_revised,20.000000000000,1072.940004318339,-657.164113737307,13.774739120225,2022
S,2019,scb_2019M05_revised,50.000000000000,1072.940004318339,-652.764678350339,13.774739120225,2022
S,2019,scb_2019M05_revised,100.000000000000,1072.940004318339,-650.228870049130,13.774739120225,2022
S,2019,scb_2019M11_revised,0.000000000000,1111.648572222222,-2442.541564247384,1538.087045200584,2022
S,2019,scb_2019M11_revised,2.000000000000,1111.648572222222,-939.238010479034,48.300577240802,2022
S,2019,scb_2019M11_revised,5.000000000000,1111.648572222222,-932.913620883502,48.300577240802,2022
S,2019,scb_2019M11_revised,10.000000000000,1111.648572222222,-928.588977207577,48.300577240802,2022
S,2019,scb_2019M11_revised,20.000000000000,1111.648572222222,-924.805238146943,48.300577240802,2022
S,2019,scb_2019M11_revised,50.000000000000,1111.648572222222,-920.943564412481,48.300577240802,2022
S,2019,scb_2019M11_revised,100.000000000000,1111.648572222222,-919.272471923719,48.300577240802,2022
S,2020,scb_2020M05_revised,0.000000000000,1153.978224000000,-2535.549315483601,2008.266424683332,2022
S,2020,scb_2020M05_revised,2.000000000000,1153.978224000000,-557.339050821692,35.070791430717,2022
S,2020,scb_2020M05_revised,5.000000000000,1153.978224000000,-551.134130285286,35.070791430717,2022
S,2020,scb_2020M05_revised,10.000000000000,1153.978224000000,-546.957477732329,35.070791430717,2022
S,2020,scb_2020M05_revised,20.000000000000,1153.978224000000,-543.394411655449,35.070791430717,2022
S,2020,scb_2020M05_revised,50.000000000000,1153.978224000000,-539.986871524306,35.070791430717,2022
S,2020,scb_2020M05_revised,100.000000000000,1153.978224000000,-538.813890482250,35.070791430717,2022
S,2020,scb_2020M11_revised,0.000000000000,1100.262696296296,-2417.524237828438,1416.456045431909,2022
S,2020,scb_2020M11_revised,2.000000000000,1100.262696296296,-1035.161719613136,126.807383646270,2022
S,2020,scb_2020M11_revised,5.000000000000,1100.262696296296,-1028.987914792421,126.807383646270,2022
S,2020,scb_2020M11_revised,10.000000000000,1100.262696296296,-1024.864306690015,126.807383646270,2022
S,2020,scb_2020M11_revised,20.000000000000,1100.262696296296,-1021.411528560924,126.807383646270,2022
S,2020,scb_2020M11_revised,50.000000000000,1100.262696296296,-1018.364172321847,126.807383646270,2022
S,2020,scb_2020M11_revised,100.000000000000,1100.262696296296,-1017.866868288440,126.807383646270,2022
S,2021,scb_2021M05_revised,0.000000000000,1071.320930315500,-2353.932678303921,1490.829897763565,2022
S,2021,scb_2021M05_revised,2.000000000000,1071.320930315500,-898.223607751728,24.005838290100,2022
S,2021,scb_2021M05_revised,5.000000000000,1071.320930315500,-891.832295000623,24.005838290100,2022
S,2021,scb_2021M05_revised,10.000000000000,1071.320930315500,-887.406170671053,24.005838290100,2022
S,2021,scb_2021M05_revised,20.000000000000,1071.320930315500,-883.433589719250,24.005838290100,2022
S,2021,scb_2021M05_revised,50.000000000000,1071.320930315500,-879.047372085070,24.005838290100,2022
S,2021,scb_2021M05_revised,100.000000000000,1071.320930315500,-876.572802434121,24.005838290100,2022
SD,2019,scb_2019M05_revised,0.000000000000,544.660576393945,-1196.741604758887,683.556090474547,2022
SD,2019,scb_2019M05_revised,2.000000000000,544.660576393945,-546.890837368460,194.309692552988,2022
SD,2019,scb_2019M05_revised,5.000000000000,544.660576393945,-541.218021215646,194.309692552988,2022
SD,2019,scb_2019M05_revised,10.000000000000,544.660576393945,-537.910212393683,194.309692552988,2022
SD,2019,scb_2019M05_revised,20.000000000000,544.660576393945,-536.035608714971,194.309692552988,2022
SD,2019,scb_2019M05_revised,50.000000000000,544.660576393945,-537.296842187018,194.309692552988,2022
SD,2019,scb_2019M05_revised,100.000000000000,544.660576393945,-542.798683984271,194.309692552988,2022
SD,2019,scb_2019M11_revised,0.000000000000,550.327232000000,-1209.192519727811,805.699943354174,2022
SD,2019,scb_2019M11_revised,2.000000000000,550.327232000000,-435.727275598680,68.572653148682,2022
SD,2019,scb_2019M11_revised,5.000000000000,550.327232000000,-429.545309305447,68.572653148682,2022
SD,2019,scb_2019M11_revised,10.000000000000,550.327232000000,-425.415034729212,68.572653148682,2022
SD,2019,scb_2019M11_revised,20.000000000000,550.327232000000,-421.980682571660,68.572653148682,2022
SD,2019,scb_2019M11_revised,50.000000000000,550.327232000000,-419.079820379292,68.572653148682,2022
SD,2019,scb_2019M11_revised,100.000000000000,550.327232000000,-418.796172797824,68.572653148682,2022
SD,2020,scb_2020M05_revised,0.000000000000,576.240000000000,-1266.128690444223,828.485569792252,2022
SD,2020,scb_2020M05_revised,2.000000000000,576.240000000000,-472.946130468094,97.722381786001,2022
SD,2020,scb_2020M05_revised,5.000000000000,576.240000000000,-466.580225348060,97.722381786001,2022
SD,2020,scb_2020M05_revised,10.000000000000,576.240000000000,-462.288194481564,97.722381786001,2022
SD,2020,scb_2020M05_revised,20.000000000000,576.240000000000,-458.713479252677,97.722381786001,2022
SD,2020,scb_2020M05_revised,50.000000000000,576.240000000000,-455.788997500291,97.722381786001,2022
SD,2020,scb_2020M05_revised,100.000000000000,576.240000000000,-455.785644457075,97.722381786001,2022
SD,2020,scb_2020M11_revised,0.000000000000,544.943765333333,-1197.363834456541,703.930737479822,2022
SD,2020,scb_2020M11_revised,2.000000000000,544.943765333333,-530.597833093852,141.358767545036,2022
SD,2020,scb_2020M11_revised,5.000000000000,544.943765333333,-524.287998501213,141.358767545036,2022
SD,2020,scb_2020M11_revised,10.000000000000,544.943765333333,-520.089760063014,141.358767545036,2022
SD,2020,scb_2020M11_revised,20.000000000000,544.943765333333,-516.703653971176,141.358767545036,2022
SD,2020,scb_2020M11_revised,50.000000000000,544.943765333333,-514.349034084846,141.358767545036,2022
SD,2020,scb_2020M11_revised,100.000000000000,544.943765333333,-515.290183218911,141.358767545036,2022
SD,2021,scb_2021M05_revised,0.000000000000,530.553533884297,-1165.745264243163,706.131849201705,2022
SD,2021,scb_2021M05_revised,2.000000000000,530.553533884297,-497.010129738439,149.862839403443,2022
SD,2021,scb_2021M05_revised,5.000000000000,530.553533884297,-490.759564717022,149.862839403443,2022
SD,2021,scb_2021M05_revised,10.000000000000,530.553533884297,-486.636857617008,149.862839403443,2022
SD,2021,scb_2021M05_revised,20.000000000000,530.553533884297,-483.369528721415,149.862839403443,2022
SD,2021,scb_2021M05_revised,50.000000000000,530.553533884297,-481.285877336528,149.862839403443,2022
SD,2021,scb_2021M05_revised,100.000000000000,530.553533884297,-482.568311618472,149.862839403443,2022
V,2019,scb_2019M05_revised,0.000000000000,342.719930578512,-753.032654610070,517.874062986589,2022
V,2019,scb_2019M05_revised,2.000000000000,342.719930578512,-262.464290178999,15.502584323840,2022
V,2019,scb_2019M05_revised,5.000000000000,342.719930578512,-256.438715640342,15.502584323840,2022
V,2019,scb_2019M05_revised,10.000000000000,342.719930578512,-252.471157163021,15.502584323840,2022
V,2019,scb_2019M05_revised,20.000000000000,342.719930578512,-249.224669074036,15.502584323840,2022
V,2019,scb_2019M05_revised,50.000000000000,342.719930578512,-246.430185664017,15.502584323840,2022
V,2019,scb_2019M05_revised,100.000000000000,342.719930578512,-245.673156210906,15.502584323840,2022
V,2019,scb_2019M11_revised,0.000000000000,334.146301432646,-734.194465933806,466.977682325933,2022
V,2019,scb_2019M11_revised,2.000000000000,334.146301432646,-294.217876344940,3.651565686769,2022
V,2019,scb_2019M11_revised,5.000000000000,334.146301432646,-288.015543432798,3.651565686769,2022
V,2019,scb_2019M11_revised,10.000000000000,334.146301432646,-283.768326739061,3.651565686769,2022
V,2019,scb_2019M11_revised,20.000000000000,334.146301432646,-280.011162701769,3.651565686769,2022
V,2019,scb_2019M11_revised,50.000000000000,334.146301432646,-275.973610677112,3.651565686769,2022
V,2019,scb_2019M11_revised,100.000000000000,334.146301432646,-273.743879480422,3.651565686769,2022
V,2020,scb_2020M05_revised,0.000000000000,341.059057063712,-749.383342503504,457.060131206200,2022
V,2020,scb_2020M05_revised,2.000000000000,341.059057063712,-321.492491351867,45.215917913480,2022
V,2020,scb_2020M05_revised,5.000000000000,341.059057063712,-315.299590583680,45.215917913480,2022
V,2020,scb_2020M05_revised,10.000000000000,341.059057063712,-311.184858885658,45.215917913480,2022
V,2020,scb_2020M05_revised,20.000000000000,341.059057063712,-307.819670199531,45.215917913480,2022
V,2020,scb_2020M05_revised,50.000000000000,341.059057063712,-305.119557044996,45.215917913480,2022
V,2020,scb_2020M05_revised,100.000000000000,341.059057063712,-304.984321894238,45.215917913480,2022
V,2020,scb_2020M11_revised,0.000000000000,313.038340147297,-687.815534620176,423.986551537655,2022
V,2020,scb_2020M11_revised,2.000000000000,313.038340147297,-294.011883539968,34.115875965509,2022
V,2020,scb_2020M11_revised,5.000000000000,313.038340147297,-287.727671327494,34.115875965509,2022
V,2020,scb_2020M11_revised,10.000000000000,313.038340147297,-283.465068229236,34.115875965509,2022
V,2020,scb_2020M11_revised,20.000000000000,313.038340147297,-279.819081487455,34.115875965509,2022
V,2020,scb_2020M11_revised,50.000000000000,313.038340147297,-276.376556354703,34.115875965509,2022
V,2020,scb_2020M11_revised,100.000000000000,313.038340147297,-275.248922441052,34.115875965509,2022
V,2021,scb_2021M05_revised,0.000000000000,316.883189335139,-696.263531751854,395.645117180415,2022
V,2021,scb_2021M05_revised,2.000000000000,316.883189335139,-332.346702950551,42.387179505257,2022
V,2021,scb_2021M05_revised,5.000000000000,316.883189335139,-326.042052565756,42.387179505257,2022
V,2021,scb_2021M05_revised,10.000000000000,316.883189335139,-321.767108697202,42.387179505257,2022
V,2021,scb_2021M05_revised,20.000000000000,316.883189335139,-318.132281770282,42.387179505257,2022
V,2021,scb_2021M05_revised,50.000000000000,316.883189335139,-314.811919140755,42.387179505257,2022
V,2021,scb_2021M05_revised,100.000000000000,316.883189335139,-313.937633983387,42.387179505257,2022
