test_id,test,ablation,model,county_id,weighted_mae,baseline_mae,delta_mae
A,2014_2018,A_previous_shares,elastic_net,01,0.021985850578860655,0.017502617474708018,0.0044832331041526376
A,2014_2018,A_previous_shares,elastic_net,03,0.024320769804191747,0.01687479314052495,0.007445976663666799
A,2014_2018,A_previous_shares,elastic_net,04,0.019929174924613997,0.012571055742271652,0.007358119182342346
A,2014_2018,A_previous_shares,elastic_net,05,0.01990605125242297,0.013504032243188746,0.006402019009234223
A,2014_2018,A_previous_shares,elastic_net,06,0.021548952707251854,0.013854566408752596,0.0076943862984992575
A,2014_2018,A_previous_shares,elastic_net,07,0.023412683359550334,0.015151195317151984,0.00826148804239835
A,2014_2018,A_previous_shares,elastic_net,08,0.021519366177921405,0.013726688490448752,0.007792677687472653
A,2014_2018,A_previous_shares,elastic_net,09,0.018410130966257134,0.015163759271126665,0.0032463716951304684
A,2014_2018,A_previous_shares,elastic_net,10,0.0267557357973942,0.012334346917730513,0.014421388879663686
A,2014_2018,A_previous_shares,elastic_net,12,0.027774323391810216,0.014275196006338775,0.013499127385471441
A,2014_2018,A_previous_shares,elastic_net,13,0.02073852311061434,0.013484349925191883,0.007254173185422456
A,2014_2018,A_previous_shares,elastic_net,14,0.02177173357881419,0.013355199971251216,0.008416533607562973
A,2014_2018,A_previous_shares,elastic_net,17,0.020577161738066053,0.013828467340715514,0.006748694397350539
A,2014_2018,A_previous_shares,elastic_net,18,0.02102570212958025,0.01376644349177724,0.007259258637803009
A,2014_2018,A_previous_shares,elastic_net,19,0.022482609080074364,0.01309646276871199,0.009386146311362375
A,2014_2018,A_previous_shares,elastic_net,20,0.022886575167526877,0.014335025502625222,0.008551549664901655
A,2014_2018,A_previous_shares,elastic_net,21,0.019521431148929357,0.0128227044944627,0.0066987266544666565
A,2014_2018,A_previous_shares,elastic_net,22,0.018393453466333285,0.014329307564465033,0.004064145901868252
A,2014_2018,A_previous_shares,elastic_net,23,0.018529313143552162,0.013303269147549226,0.005226043996002936
A,2014_2018,A_previous_shares,elastic_net,24,0.017410365897043208,0.015656378098337243,0.0017539877987059645
A,2014_2018,A_previous_shares,elastic_net,25,0.01889134121900538,0.014077037201450798,0.004814304017554581
A,2014_2018,A_previous_shares,lightgbm,01,0.020588600263238895,0.017502617474708018,0.003085982788530877
A,2014_2018,A_previous_shares,lightgbm,03,0.021689612417137762,0.01687479314052495,0.004814819276612814
A,2014_2018,A_previous_shares,lightgbm,04,0.018206272088419823,0.012571055742271652,0.005635216346148171
A,2014_2018,A_previous_shares,lightgbm,05,0.017386364350565477,0.013504032243188746,0.0038823321073767313
A,2014_2018,A_previous_shares,lightgbm,06,0.019550358328236192,0.013854566408752596,0.0056957919194835956
A,2014_2018,A_previous_shares,lightgbm,07,0.01928523509049514,0.015151195317151984,0.004134039773343156
A,2014_2018,A_previous_shares,lightgbm,08,0.019155031921681585,0.013726688490448752,0.005428343431232833
A,2014_2018,A_previous_shares,lightgbm,09,0.018038175132232475,0.015163759271126665,0.00287441586110581
A,2014_2018,A_previous_shares,lightgbm,10,0.021762957502204885,0.012334346917730513,0.009428610584474372
A,2014_2018,A_previous_shares,lightgbm,12,0.022024237735641848,0.014275196006338775,0.007749041729303073
A,2014_2018,A_previous_shares,lightgbm,13,0.019552029815981215,0.013484349925191883,0.006067679890789332
A,2014_2018,A_previous_shares,lightgbm,14,0.01917943180239869,0.013355199971251216,0.005824231831147473
A,2014_2018,A_previous_shares,lightgbm,17,0.01964979803240957,0.013828467340715514,0.0058213306916940575
A,2014_2018,A_previous_shares,lightgbm,18,0.01869670804343509,0.01376644349177724,0.0049302645516578515
A,2014_2018,A_previous_shares,lightgbm,19,0.020822274364308384,0.01309646276871199,0.007725811595596394
A,2014_2018,A_previous_shares,lightgbm,20,0.019512597223632775,0.014335025502625222,0.005177571721007553
A,2014_2018,A_previous_shares,lightgbm,21,0.017765112625975785,0.0128227044944627,0.004942408131513084
A,2014_2018,A_previous_shares,lightgbm,22,0.01941521715174906,0.014329307564465033,0.0050859095872840265
A,2014_2018,A_previous_shares,lightgbm,23,0.018922005545926993,0.013303269147549226,0.0056187363983777674
A,2014_2018,A_previous_shares,lightgbm,24,0.016759632364430656,0.015656378098337243,0.0011032542660934126
A,2014_2018,A_previous_shares,lightgbm,25,0.01998671295532359,0.014077037201450798,0.005909675753872794
A,2014_2018,A_previous_shares,ridge,01,0.022228186571308445,0.017502617474708018,0.004725569096600428
A,2014_2018,A_previous_shares,ridge,03,0.024476400894041527,0.01687479314052495,0.007601607753516579
A,2014_2018,A_previous_shares,ridge,04,0.020126155118762777,0.012571055742271652,0.007555099376491126
A,2014_2018,A_previous_shares,ridge,05,0.020094749292193227,0.013504032243188746,0.0065907170490044804
A,2014_2018,A_previous_shares,ridge,06,0.021769628106151087,0.013854566408752596,0.00791506169739849
A,2014_2018,A_previous_shares,ridge,07,0.02357320692765861,0.015151195317151984,0.008422011610506625
A,2014_2018,A_previous_shares,ridge,08,0.021736368306315895,0.013726688490448752,0.008009679815867143
A,2014_2018,A_previous_shares,ridge,09,0.018619388427712463,0.015163759271126665,0.003455629156585798
A,2014_2018,A_previous_shares,ridge,10,0.027042169653136813,0.012334346917730513,0.0147078227354063
A,2014_2018,A_previous_shares,ridge,12,0.028159228401560654,0.014275196006338775,0.013884032395221879
A,2014_2018,A_previous_shares,ridge,13,0.020911665133115653,0.013484349925191883,0.0074273152079237705
A,2014_2018,A_previous_shares,ridge,14,0.02199325092738437,0.013355199971251216,0.008638050956133153
A,2014_2018,A_previous_shares,ridge,17,0.02075075071374216,0.013828467340715514,0.006922283373026647
A,2014_2018,A_previous_shares,ridge,18,0.02124845009552471,0.01376644349177724,0.0074820066037474715
A,2014_2018,A_previous_shares,ridge,19,0.02271740032674686,0.01309646276871199,0.009620937558034871
A,2014_2018,A_previous_shares,ridge,20,0.023105062024025635,0.014335025502625222,0.008770036521400413
A,2014_2018,A_previous_shares,ridge,21,0.01972350984480663,0.0128227044944627,0.00690080535034393
A,2014_2018,A_previous_shares,ridge,22,0.01845998321945888,0.014329307564465033,0.004130675654993848
A,2014_2018,A_previous_shares,ridge,23,0.018622858311995692,0.013303269147549226,0.005319589164446466
A,2014_2018,A_previous_shares,ridge,24,0.01744996544443246,0.015656378098337243,0.0017935873460952177
A,2014_2018,A_previous_shares,ridge,25,0.01898598908961205,0.014077037201450798,0.004908951888161251
A,2014_2018,B_plus_structure,elastic_net,01,0.022043701964008976,0.017502617474708018,0.004541084489300958
A,2014_2018,B_plus_structure,elastic_net,03,0.024199779087100814,0.01687479314052495,0.0073249859465758654
A,2014_2018,B_plus_structure,elastic_net,04,0.01999004682543571,0.012571055742271652,0.007418991083164059
A,2014_2018,B_plus_structure,elastic_net,05,0.01980885152566812,0.013504032243188746,0.006304819282479373
A,2014_2018,B_plus_structure,elastic_net,06,0.02150180495120471,0.013854566408752596,0.007647238542452115
A,2014_2018,B_plus_structure,elastic_net,07,0.023323225440575586,0.015151195317151984,0.008172030123423601
A,2014_2018,B_plus_structure,elastic_net,08,0.021550740412686873,0.013726688490448752,0.007824051922238121
A,2014_2018,B_plus_structure,elastic_net,09,0.018029845962610508,0.015163759271126665,0.0028660866914838427
A,2014_2018,B_plus_structure,elastic_net,10,0.026906406385592437,0.012334346917730513,0.014572059467861925
A,2014_2018,B_plus_structure,elastic_net,12,0.02821467308218595,0.014275196006338775,0.013939477075847176
A,2014_2018,B_plus_structure,elastic_net,13,0.02084043421190786,0.013484349925191883,0.007356084286715978
A,2014_2018,B_plus_structure,elastic_net,14,0.02175982833082641,0.013355199971251216,0.008404628359575193
A,2014_2018,B_plus_structure,elastic_net,17,0.020514680958244227,0.013828467340715514,0.006686213617528714
A,2014_2018,B_plus_structure,elastic_net,18,0.020965703175302407,0.01376644349177724,0.0071992596835251665
A,2014_2018,B_plus_structure,elastic_net,19,0.022488392632816163,0.01309646276871199,0.009391929864104174
A,2014_2018,B_plus_structure,elastic_net,20,0.02292750573309316,0.014335025502625222,0.008592480230467938
A,2014_2018,B_plus_structure,elastic_net,21,0.019540357975777495,0.0128227044944627,0.006717653481314794
A,2014_2018,B_plus_structure,elastic_net,22,0.018501812341737086,0.014329307564465033,0.004172504777272053
A,2014_2018,B_plus_structure,elastic_net,23,0.018605707400070122,0.013303269147549226,0.005302438252520896
A,2014_2018,B_plus_structure,elastic_net,24,0.01725673653283148,0.015656378098337243,0.0016003584344942354
A,2014_2018,B_plus_structure,elastic_net,25,0.019357700176652053,0.014077037201450798,0.005280662975201255
A,2014_2018,B_plus_structure,lightgbm,01,0.020496833796776578,0.017502617474708018,0.0029942163220685603
A,2014_2018,B_plus_structure,lightgbm,03,0.021710420847416357,0.01687479314052495,0.004835627706891409
A,2014_2018,B_plus_structure,lightgbm,04,0.018288766162901603,0.012571055742271652,0.005717710420629952
A,2014_2018,B_plus_structure,lightgbm,05,0.017397222266403358,0.013504032243188746,0.003893190023214612
A,2014_2018,B_plus_structure,lightgbm,06,0.019302720868703774,0.013854566408752596,0.005448154459951178
A,2014_2018,B_plus_structure,lightgbm,07,0.019180031160689944,0.015151195317151984,0.00402883584353796
A,2014_2018,B_plus_structure,lightgbm,08,0.0191498966087364,0.013726688490448752,0.005423208118287649
A,2014_2018,B_plus_structure,lightgbm,09,0.01819549095819839,0.015163759271126665,0.0030317316870717252
A,2014_2018,B_plus_structure,lightgbm,10,0.021719392426948435,0.012334346917730513,0.009385045509217923
A,2014_2018,B_plus_structure,lightgbm,12,0.021906202796161088,0.014275196006338775,0.007631006789822313
A,2014_2018,B_plus_structure,lightgbm,13,0.019517562615844104,0.013484349925191883,0.006033212690652221
A,2014_2018,B_plus_structure,lightgbm,14,0.019118883676302496,0.013355199971251216,0.00576368370505128
A,2014_2018,B_plus_structure,lightgbm,17,0.019666309395944204,0.013828467340715514,0.005837842055228691
A,2014_2018,B_plus_structure,lightgbm,18,0.01864105092814361,0.01376644349177724,0.00487460743636637
A,2014_2018,B_plus_structure,lightgbm,19,0.0207865568790178,0.01309646276871199,0.007690094110305811
A,2014_2018,B_plus_structure,lightgbm,20,0.019316927095006785,0.014335025502625222,0.004981901592381563
A,2014_2018,B_plus_structure,lightgbm,21,0.0177356903307512,0.0128227044944627,0.0049129858362884984
A,2014_2018,B_plus_structure,lightgbm,22,0.01927009269692552,0.014329307564465033,0.004940785132460487
A,2014_2018,B_plus_structure,lightgbm,23,0.018713947125954998,0.013303269147549226,0.005410677978405772
A,2014_2018,B_plus_structure,lightgbm,24,0.016892586007402094,0.015656378098337243,0.0012362079090648508
A,2014_2018,B_plus_structure,lightgbm,25,0.019944380755017543,0.014077037201450798,0.005867343553566745
A,2014_2018,B_plus_structure,ridge,01,0.022436965607991067,0.017502617474708018,0.004934348133283049
A,2014_2018,B_plus_structure,ridge,03,0.024436500194940952,0.01687479314052495,0.007561707054416004
A,2014_2018,B_plus_structure,ridge,04,0.020159680117288067,0.012571055742271652,0.007588624375016416
A,2014_2018,B_plus_structure,ridge,05,0.019858701580296786,0.013504032243188746,0.00635466933710804
A,2014_2018,B_plus_structure,ridge,06,0.021700072533735442,0.013854566408752596,0.007845506124982846
A,2014_2018,B_plus_structure,ridge,07,0.023441615390487572,0.015151195317151984,0.008290420073335587
A,2014_2018,B_plus_structure,ridge,08,0.02180801858101884,0.013726688490448752,0.008081330090570087
A,2014_2018,B_plus_structure,ridge,09,0.018279616064605778,0.015163759271126665,0.0031158567934791125
A,2014_2018,B_plus_structure,ridge,10,0.02733027846420415,0.012334346917730513,0.014995931546473638
A,2014_2018,B_plus_structure,ridge,12,0.028942142025638478,0.014275196006338775,0.014666946019299703
A,2014_2018,B_plus_structure,ridge,13,0.020884220988931595,0.013484349925191883,0.007399871063739712
A,2014_2018,B_plus_structure,ridge,14,0.021937128440984992,0.013355199971251216,0.008581928469733775
A,2014_2018,B_plus_structure,ridge,17,0.020717861273010174,0.013828467340715514,0.0068893939322946605
A,2014_2018,B_plus_structure,ridge,18,0.02117132654315792,0.01376644349177724,0.0074048830513806785
A,2014_2018,B_plus_structure,ridge,19,0.022768650680891817,0.01309646276871199,0.009672187912179827
A,2014_2018,B_plus_structure,ridge,20,0.02318622728481398,0.014335025502625222,0.00885120178218876
A,2014_2018,B_plus_structure,ridge,21,0.01980704887794074,0.0128227044944627,0.006984344383478041
A,2014_2018,B_plus_structure,ridge,22,0.01855429440258097,0.014329307564465033,0.004224986838115938
A,2014_2018,B_plus_structure,ridge,23,0.018769856196069697,0.013303269147549226,0.005466587048520471
A,2014_2018,B_plus_structure,ridge,24,0.017358567486952144,0.015656378098337243,0.0017021893886149005
A,2014_2018,B_plus_structure,ridge,25,0.01952549340898518,0.014077037201450798,0.005448456207534383
A,2014_2018,C_plus_turnout_size,elastic_net,01,0.021772163862695967,0.017502617474708018,0.00426954638798795
A,2014_2018,C_plus_turnout_size,elastic_net,03,0.023705828958907226,0.01687479314052495,0.006831035818382278
A,2014_2018,C_plus_turnout_size,elastic_net,04,0.019333366437951166,0.012571055742271652,0.0067623106956795145
A,2014_2018,C_plus_turnout_size,elastic_net,05,0.019287630678648703,0.013504032243188746,0.005783598435459957
A,2014_2018,C_plus_turnout_size,elastic_net,06,0.020947617055319823,0.013854566408752596,0.007093050646567227
A,2014_2018,C_plus_turnout_size,elastic_net,07,0.02289297623824622,0.015151195317151984,0.007741780921094236
A,2014_2018,C_plus_turnout_size,elastic_net,08,0.021143984875681022,0.013726688490448752,0.00741729638523227
A,2014_2018,C_plus_turnout_size,elastic_net,09,0.01812767616019083,0.015163759271126665,0.0029639168890641665
A,2014_2018,C_plus_turnout_size,elastic_net,10,0.0259316337653831,0.012334346917730513,0.013597286847652587
A,2014_2018,C_plus_turnout_size,elastic_net,12,0.02752261264936486,0.014275196006338775,0.013247416643026083
A,2014_2018,C_plus_turnout_size,elastic_net,13,0.02042528473272739,0.013484349925191883,0.006940934807535508
A,2014_2018,C_plus_turnout_size,elastic_net,14,0.021220838267439805,0.013355199971251216,0.007865638296188589
A,2014_2018,C_plus_turnout_size,elastic_net,17,0.02021510738043856,0.013828467340715514,0.006386640039723045
A,2014_2018,C_plus_turnout_size,elastic_net,18,0.020417706763591146,0.01376644349177724,0.006651263271813906
A,2014_2018,C_plus_turnout_size,elastic_net,19,0.021817663954417574,0.01309646276871199,0.008721201185705584
A,2014_2018,C_plus_turnout_size,elastic_net,20,0.02222664997743586,0.014335025502625222,0.007891624474810637
A,2014_2018,C_plus_turnout_size,elastic_net,21,0.018823364225951704,0.0128227044944627,0.006000659731489003
A,2014_2018,C_plus_turnout_size,elastic_net,22,0.017949202632775045,0.014329307564465033,0.003619895068310012
A,2014_2018,C_plus_turnout_size,elastic_net,23,0.01828789535589987,0.013303269147549226,0.004984626208350645
A,2014_2018,C_plus_turnout_size,elastic_net,24,0.016293269887720296,0.015656378098337243,0.0006368917893830525
A,2014_2018,C_plus_turnout_size,elastic_net,25,0.01820979777182327,0.014077037201450798,0.004132760570372471
A,2014_2018,C_plus_turnout_size,lightgbm,01,0.02037770057503293,0.017502617474708018,0.002875083100324912
A,2014_2018,C_plus_turnout_size,lightgbm,03,0.021730224612761865,0.01687479314052495,0.004855431472236917
A,2014_2018,C_plus_turnout_size,lightgbm,04,0.018003210178795595,0.012571055742271652,0.0054321544365239435
A,2014_2018,C_plus_turnout_size,lightgbm,05,0.017295802128288393,0.013504032243188746,0.0037917698850996467
A,2014_2018,C_plus_turnout_size,lightgbm,06,0.019647260473540148,0.013854566408752596,0.005792694064787551
A,2014_2018,C_plus_turnout_size,lightgbm,07,0.019645851949629714,0.015151195317151984,0.0044946566324777296
A,2014_2018,C_plus_turnout_size,lightgbm,08,0.01960880233625294,0.013726688490448752,0.005882113845804188
A,2014_2018,C_plus_turnout_size,lightgbm,09,0.01820274420781644,0.015163759271126665,0.003038984936689776
A,2014_2018,C_plus_turnout_size,lightgbm,10,0.021452676320519965,0.012334346917730513,0.009118329402789453
A,2014_2018,C_plus_turnout_size,lightgbm,12,0.02171872129003181,0.014275196006338775,0.0074435252836930355
A,2014_2018,C_plus_turnout_size,lightgbm,13,0.019541257542973946,0.013484349925191883,0.006056907617782064
A,2014_2018,C_plus_turnout_size,lightgbm,14,0.01910768023918074,0.013355199971251216,0.005752480267929523
A,2014_2018,C_plus_turnout_size,lightgbm,17,0.019654722382789855,0.013828467340715514,0.005826255042074341
A,2014_2018,C_plus_turnout_size,lightgbm,18,0.018820276153355277,0.01376644349177724,0.005053832661578037
A,2014_2018,C_plus_turnout_size,lightgbm,19,0.020581643007304792,0.01309646276871199,0.007485180238592803
A,2014_2018,C_plus_turnout_size,lightgbm,20,0.01920488200538578,0.014335025502625222,0.004869856502760559
A,2014_2018,C_plus_turnout_size,lightgbm,21,0.017330420451757395,0.0128227044944627,0.004507715957294694
A,2014_2018,C_plus_turnout_size,lightgbm,22,0.019329055187484095,0.014329307564465033,0.004999747623019062
A,2014_2018,C_plus_turnout_size,lightgbm,23,0.01886794644995024,0.013303269147549226,0.0055646773024010145
A,2014_2018,C_plus_turnout_size,lightgbm,24,0.016585506926675594,0.015656378098337243,0.0009291288283383506
A,2014_2018,C_plus_turnout_size,lightgbm,25,0.0194945277587408,0.014077037201450798,0.005417490557290003
A,2014_2018,C_plus_turnout_size,ridge,01,0.022215723300978842,0.017502617474708018,0.004713105826270825
A,2014_2018,C_plus_turnout_size,ridge,03,0.023927214829333028,0.01687479314052495,0.00705242168880808
A,2014_2018,C_plus_turnout_size,ridge,04,0.01950037563535617,0.012571055742271652,0.006929319893084519
A,2014_2018,C_plus_turnout_size,ridge,05,0.019364687082862077,0.013504032243188746,0.005860654839673331
A,2014_2018,C_plus_turnout_size,ridge,06,0.02113300195519055,0.013854566408752596,0.007278435546437954
A,2014_2018,C_plus_turnout_size,ridge,07,0.023006962247278145,0.015151195317151984,0.00785576693012616
A,2014_2018,C_plus_turnout_size,ridge,08,0.02142249882506726,0.013726688490448752,0.007695810334618507
A,2014_2018,C_plus_turnout_size,ridge,09,0.018462408039883343,0.015163759271126665,0.0032986487687566776
A,2014_2018,C_plus_turnout_size,ridge,10,0.02630518668040319,0.012334346917730513,0.013970839762672677
A,2014_2018,C_plus_turnout_size,ridge,12,0.02822233103376638,0.014275196006338775,0.013947135027427603
A,2014_2018,C_plus_turnout_size,ridge,13,0.020533215070336452,0.013484349925191883,0.00704886514514457
A,2014_2018,C_plus_turnout_size,ridge,14,0.02142503898560154,0.013355199971251216,0.008069839014350322
A,2014_2018,C_plus_turnout_size,ridge,17,0.020442959672241325,0.013828467340715514,0.006614492331525812
A,2014_2018,C_plus_turnout_size,ridge,18,0.020658589821684743,0.01376644349177724,0.006892146329907502
A,2014_2018,C_plus_turnout_size,ridge,19,0.022093401603265252,0.01309646276871199,0.008996938834553263
A,2014_2018,C_plus_turnout_size,ridge,20,0.02245265776047563,0.014335025502625222,0.008117632257850409
A,2014_2018,C_plus_turnout_size,ridge,21,0.01905541814009792,0.0128227044944627,0.00623271364563522
A,2014_2018,C_plus_turnout_size,ridge,22,0.01805690002086691,0.014329307564465033,0.0037275924564018764
A,2014_2018,C_plus_turnout_size,ridge,23,0.018484245300292444,0.013303269147549226,0.005180976152743218
A,2014_2018,C_plus_turnout_size,ridge,24,0.016298628534596852,0.015656378098337243,0.0006422504362596088
A,2014_2018,C_plus_turnout_size,ridge,25,0.018369158298742923,0.014077037201450798,0.004292121097292125
B,2018_2022,A_previous_shares,elastic_net,01,0.020539267606368577,0.017703452777308688,0.002835814829059889
B,2018_2022,A_previous_shares,elastic_net,03,0.01556176507135305,0.014583587548819044,0.0009781775225340059
B,2018_2022,A_previous_shares,elastic_net,04,0.014188269579090413,0.012212805199016847,0.001975464380073566
B,2018_2022,A_previous_shares,elastic_net,05,0.013536057585662195,0.012528280296783921,0.0010077772888782734
B,2018_2022,A_previous_shares,elastic_net,06,0.012500678568836503,0.012445628969866583,0.00005504959896992026
B,2018_2022,A_previous_shares,elastic_net,07,0.012836828472900715,0.012474773621412576,0.0003620548514881392
B,2018_2022,A_previous_shares,elastic_net,08,0.012789298941611823,0.012905442271696264,-0.00011614333008444153
B,2018_2022,A_previous_shares,elastic_net,09,0.013714269827345938,0.014708640646379707,-0.0009943708190337693
B,2018_2022,A_previous_shares,elastic_net,10,0.012973195411673301,0.011714603252406782,0.0012585921592665195
B,2018_2022,A_previous_shares,elastic_net,12,0.01923103576969084,0.015580333156594336,0.003650702613096503
B,2018_2022,A_previous_shares,elastic_net,13,0.013334419510791033,0.012325266400384107,0.0010091531104069254
B,2018_2022,A_previous_shares,elastic_net,14,0.014607154586896737,0.01244770647759152,0.0021594481093052172
B,2018_2022,A_previous_shares,elastic_net,17,0.01384161048196585,0.014662532034729068,-0.0008209215527632176
B,2018_2022,A_previous_shares,elastic_net,18,0.015725831889166743,0.013993197935049323,0.0017326339541174195
B,2018_2022,A_previous_shares,elastic_net,19,0.014779194252124376,0.012900726657716905,0.0018784675944074711
B,2018_2022,A_previous_shares,elastic_net,20,0.013476770685887271,0.013334617205333727,0.0001421534805535439
B,2018_2022,A_previous_shares,elastic_net,21,0.012869668142416338,0.01318146236878423,-0.0003117942263678921
B,2018_2022,A_previous_shares,elastic_net,22,0.01558902545703467,0.01718478554675396,-0.0015957600897192892
B,2018_2022,A_previous_shares,elastic_net,23,0.013512255657395352,0.017279253664364426,-0.0037669980069690735
B,2018_2022,A_previous_shares,elastic_net,24,0.013493315868569807,0.015880051632233726,-0.0023867357636639195
B,2018_2022,A_previous_shares,elastic_net,25,0.013512439764783484,0.01537138985860327,-0.0018589500938197851
B,2018_2022,A_previous_shares,lightgbm,01,0.019094901207364796,0.017703452777308688,0.0013914484300561088
B,2018_2022,A_previous_shares,lightgbm,03,0.015271483052225088,0.014583587548819044,0.0006878955034060434
B,2018_2022,A_previous_shares,lightgbm,04,0.01412780825581698,0.012212805199016847,0.0019150030568001342
B,2018_2022,A_previous_shares,lightgbm,05,0.01392718983317252,0.012528280296783921,0.0013989095363885987
B,2018_2022,A_previous_shares,lightgbm,06,0.013138248162428728,0.012445628969866583,0.0006926191925621453
B,2018_2022,A_previous_shares,lightgbm,07,0.012672586938357095,0.012474773621412576,0.00019781331694451905
B,2018_2022,A_previous_shares,lightgbm,08,0.013474944247513812,0.012905442271696264,0.0005695019758175483
B,2018_2022,A_previous_shares,lightgbm,09,0.01332623799697879,0.014708640646379707,-0.0013824026494009163
B,2018_2022,A_previous_shares,lightgbm,10,0.011714532705547509,0.011714603252406782,-7.054685927272708e-8
B,2018_2022,A_previous_shares,lightgbm,12,0.016982780623321772,0.015580333156594336,0.0014024474667274356
B,2018_2022,A_previous_shares,lightgbm,13,0.013549327813344343,0.012325266400384107,0.0012240614129602357
B,2018_2022,A_previous_shares,lightgbm,14,0.014480756173061268,0.01244770647759152,0.002033049695469748
B,2018_2022,A_previous_shares,lightgbm,17,0.014298826111136424,0.014662532034729068,-0.00036370592359264396
B,2018_2022,A_previous_shares,lightgbm,18,0.015455833357568616,0.013993197935049323,0.0014626354225192924
B,2018_2022,A_previous_shares,lightgbm,19,0.014352516683229887,0.012900726657716905,0.001451790025512982
B,2018_2022,A_previous_shares,lightgbm,20,0.01326826605478269,0.013334617205333727,-0.00006635115055103787
B,2018_2022,A_previous_shares,lightgbm,21,0.012977548376091741,0.01318146236878423,-0.00020391399269248899
B,2018_2022,A_previous_shares,lightgbm,22,0.01611874933514602,0.01718478554675396,-0.0010660362116079389
B,2018_2022,A_previous_shares,lightgbm,23,0.013861537357354197,0.017279253664364426,-0.003417716307010229
B,2018_2022,A_previous_shares,lightgbm,24,0.013928985979929066,0.015880051632233726,-0.00195106565230466
B,2018_2022,A_previous_shares,lightgbm,25,0.014508423963558118,0.01537138985860327,-0.0008629658950451511
B,2018_2022,A_previous_shares,ridge,01,0.0209274657442808,0.017703452777308688,0.003224012966972112
B,2018_2022,A_previous_shares,ridge,03,0.01602670644320364,0.014583587548819044,0.0014431188943845943
B,2018_2022,A_previous_shares,ridge,04,0.014599179636689675,0.012212805199016847,0.0023863744376728287
B,2018_2022,A_previous_shares,ridge,05,0.013809850946576763,0.012528280296783921,0.001281570649792842
B,2018_2022,A_previous_shares,ridge,06,0.012950075293327147,0.012445628969866583,0.0005044463234605643
B,2018_2022,A_previous_shares,ridge,07,0.01344877611149756,0.012474773621412576,0.0009740024900849846
B,2018_2022,A_previous_shares,ridge,08,0.013107848391416809,0.012905442271696264,0.0002024061197205447
B,2018_2022,A_previous_shares,ridge,09,0.01356177316675741,0.014708640646379707,-0.0011468674796222978
B,2018_2022,A_previous_shares,ridge,10,0.013211686417812243,0.011714603252406782,0.0014970831654054616
B,2018_2022,A_previous_shares,ridge,12,0.01974127823685016,0.015580333156594336,0.004160945080255822
B,2018_2022,A_previous_shares,ridge,13,0.01372239902339105,0.012325266400384107,0.0013971326230069418
B,2018_2022,A_previous_shares,ridge,14,0.015205514953056424,0.01244770647759152,0.002757808475464904
B,2018_2022,A_previous_shares,ridge,17,0.014026587070713022,0.014662532034729068,-0.0006359449640160452
B,2018_2022,A_previous_shares,ridge,18,0.0160123760350695,0.013993197935049323,0.002019178100020178
B,2018_2022,A_previous_shares,ridge,19,0.015209883897641574,0.012900726657716905,0.0023091572399246696
B,2018_2022,A_previous_shares,ridge,20,0.013776005355841009,0.013334617205333727,0.00044138815050728114
B,2018_2022,A_previous_shares,ridge,21,0.013160920189756533,0.01318146236878423,-0.00002054217902769731
B,2018_2022,A_previous_shares,ridge,22,0.015610530735055068,0.01718478554675396,-0.001574254811698891
B,2018_2022,A_previous_shares,ridge,23,0.013369558134802596,0.017279253664364426,-0.00390969552956183
B,2018_2022,A_previous_shares,ridge,24,0.013469700476868126,0.015880051632233726,-0.0024103511553656004
B,2018_2022,A_previous_shares,ridge,25,0.013576812829440846,0.01537138985860327,-0.0017945770291624228
B,2018_2022,B_plus_structure,elastic_net,01,0.020193651331060485,0.017703452777308688,0.002490198553751797
B,2018_2022,B_plus_structure,elastic_net,03,0.015315711855023674,0.014583587548819044,0.00073212430620463
B,2018_2022,B_plus_structure,elastic_net,04,0.014027549161565251,0.012212805199016847,0.0018147439625484044
B,2018_2022,B_plus_structure,elastic_net,05,0.013286883696790137,0.012528280296783921,0.0007586034000062157
B,2018_2022,B_plus_structure,elastic_net,06,0.01243365370843368,0.012445628969866583,-0.000011975261432903977
B,2018_2022,B_plus_structure,elastic_net,07,0.01264968690724011,0.012474773621412576,0.00017491328582753402
B,2018_2022,B_plus_structure,elastic_net,08,0.01267635413516655,0.012905442271696264,-0.00022908813652971344
B,2018_2022,B_plus_structure,elastic_net,09,0.01371981714514324,0.014708640646379707,-0.000988823501236467
B,2018_2022,B_plus_structure,elastic_net,10,0.0127842364214621,0.011714603252406782,0.0010696331690553187
B,2018_2022,B_plus_structure,elastic_net,12,0.019128110511455722,0.015580333156594336,0.0035477773548613853
B,2018_2022,B_plus_structure,elastic_net,13,0.013260568663965201,0.012325266400384107,0.0009353022635810934
B,2018_2022,B_plus_structure,elastic_net,14,0.014355844858188875,0.01244770647759152,0.001908138380597356
B,2018_2022,B_plus_structure,elastic_net,17,0.013600133978765933,0.014662532034729068,-0.0010623980559631343
B,2018_2022,B_plus_structure,elastic_net,18,0.015608655074309329,0.013993197935049323,0.0016154571392600053
B,2018_2022,B_plus_structure,elastic_net,19,0.01456139396865714,0.012900726657716905,0.0016606673109402347
B,2018_2022,B_plus_structure,elastic_net,20,0.013389951394431318,0.013334617205333727,0.00005533418909759065
B,2018_2022,B_plus_structure,elastic_net,21,0.012756009282092745,0.01318146236878423,-0.00042545308669148484
B,2018_2022,B_plus_structure,elastic_net,22,0.015588501445857984,0.01718478554675396,-0.0015962841008959755
B,2018_2022,B_plus_structure,elastic_net,23,0.01348961932044346,0.017279253664364426,-0.0037896343439209664
B,2018_2022,B_plus_structure,elastic_net,24,0.013316904638107889,0.015880051632233726,-0.0025631469941258377
B,2018_2022,B_plus_structure,elastic_net,25,0.013589950702958964,0.01537138985860327,-0.0017814391556443057
B,2018_2022,B_plus_structure,lightgbm,01,0.018615600587987786,0.017703452777308688,0.0009121478106790988
B,2018_2022,B_plus_structure,lightgbm,03,0.014800317782956247,0.014583587548819044,0.00021673023413720273
B,2018_2022,B_plus_structure,lightgbm,04,0.014086134920668755,0.012212805199016847,0.0018733297216519083
B,2018_2022,B_plus_structure,lightgbm,05,0.013678438997065029,0.012528280296783921,0.0011501587002811075
B,2018_2022,B_plus_structure,lightgbm,06,0.01298374856065624,0.012445628969866583,0.0005381195907896569
B,2018_2022,B_plus_structure,lightgbm,07,0.012746415799991194,0.012474773621412576,0.00027164217857861793
B,2018_2022,B_plus_structure,lightgbm,08,0.013537295934712422,0.012905442271696264,0.0006318536630161575
B,2018_2022,B_plus_structure,lightgbm,09,0.013079180868640723,0.014708640646379707,-0.001629459777738984
B,2018_2022,B_plus_structure,lightgbm,10,0.01172185810674495,0.011714603252406782,7.25485433816786e-6
B,2018_2022,B_plus_structure,lightgbm,12,0.01681616257373914,0.015580333156594336,0.0012358294171448021
B,2018_2022,B_plus_structure,lightgbm,13,0.013391503754796448,0.012325266400384107,0.0010662373544123409
B,2018_2022,B_plus_structure,lightgbm,14,0.014280563351805699,0.01244770647759152,0.0018328568742141792
B,2018_2022,B_plus_structure,lightgbm,17,0.014368357024656409,0.014662532034729068,-0.00029417501007265867
B,2018_2022,B_plus_structure,lightgbm,18,0.015534098867770758,0.013993197935049323,0.0015409009327214344
B,2018_2022,B_plus_structure,lightgbm,19,0.014399524221776734,0.012900726657716905,0.0014987975640598297
B,2018_2022,B_plus_structure,lightgbm,20,0.013325175978408732,0.013334617205333727,-9.441226924995078e-6
B,2018_2022,B_plus_structure,lightgbm,21,0.013135184537544758,0.01318146236878423,-0.00004627783123947217
B,2018_2022,B_plus_structure,lightgbm,22,0.016438458286625338,0.01718478554675396,-0.0007463272601286215
B,2018_2022,B_plus_structure,lightgbm,23,0.014059117894009822,0.017279253664364426,-0.0032201357703546037
B,2018_2022,B_plus_structure,lightgbm,24,0.014152711700052271,0.015880051632233726,-0.001727339932181455
B,2018_2022,B_plus_structure,lightgbm,25,0.014777759590676794,0.01537138985860327,-0.0005936302679264756
B,2018_2022,B_plus_structure,ridge,01,0.02074242242084922,0.017703452777308688,0.0030389696435405324
B,2018_2022,B_plus_structure,ridge,03,0.016048038048749064,0.014583587548819044,0.00146445049993002
B,2018_2022,B_plus_structure,ridge,04,0.014462009882676196,0.012212805199016847,0.002249204683659349
B,2018_2022,B_plus_structure,ridge,05,0.013737207795011776,0.012528280296783921,0.001208927498227855
B,2018_2022,B_plus_structure,ridge,06,0.012968911717949658,0.012445628969866583,0.0005232827480830746
B,2018_2022,B_plus_structure,ridge,07,0.013409638183506538,0.012474773621412576,0.0009348645620939622
B,2018_2022,B_plus_structure,ridge,08,0.013076917873571141,0.012905442271696264,0.00017147560187487712
B,2018_2022,B_plus_structure,ridge,09,0.013373619780438772,0.014708640646379707,-0.0013350208659409345
B,2018_2022,B_plus_structure,ridge,10,0.013341950189208366,0.011714603252406782,0.0016273469368015842
B,2018_2022,B_plus_structure,ridge,12,0.01996929532872953,0.015580333156594336,0.004388962172135195
B,2018_2022,B_plus_structure,ridge,13,0.013861696099579318,0.012325266400384107,0.001536429699195211
B,2018_2022,B_plus_structure,ridge,14,0.015148329327770662,0.01244770647759152,0.002700622850179142
B,2018_2022,B_plus_structure,ridge,17,0.013881640033054117,0.014662532034729068,-0.0007808920016749502
B,2018_2022,B_plus_structure,ridge,18,0.01605086367708523,0.013993197935049323,0.002057665742035907
B,2018_2022,B_plus_structure,ridge,19,0.015115516912781464,0.012900726657716905,0.0022147902550645592
B,2018_2022,B_plus_structure,ridge,20,0.01382207139305776,0.013334617205333727,0.0004874541877240325
B,2018_2022,B_plus_structure,ridge,21,0.013094447348906845,0.01318146236878423,-0.00008701501987738551
B,2018_2022,B_plus_structure,ridge,22,0.015678234492773488,0.01718478554675396,-0.0015065510539804712
B,2018_2022,B_plus_structure,ridge,23,0.013316768353910177,0.017279253664364426,-0.003962485310454249
B,2018_2022,B_plus_structure,ridge,24,0.013304994601609365,0.015880051632233726,-0.002575057030624361
B,2018_2022,B_plus_structure,ridge,25,0.013696578315393467,0.01537138985860327,-0.0016748115432098018
B,2018_2022,C_plus_turnout_size,elastic_net,01,0.020372591149230908,0.017703452777308688,0.00266913837192222
B,2018_2022,C_plus_turnout_size,elastic_net,03,0.015629744779694962,0.014583587548819044,0.001046157230875918
B,2018_2022,C_plus_turnout_size,elastic_net,04,0.014122820526119012,0.012212805199016847,0.0019100153271021658
B,2018_2022,C_plus_turnout_size,elastic_net,05,0.013472924629839891,0.012528280296783921,0.0009446443330559696
B,2018_2022,C_plus_turnout_size,elastic_net,06,0.012666656766039836,0.012445628969866583,0.0002210277961732527
B,2018_2022,C_plus_turnout_size,elastic_net,07,0.01310621005842411,0.012474773621412576,0.0006314364370115337
B,2018_2022,C_plus_turnout_size,elastic_net,08,0.012808718498150136,0.012905442271696264,-0.00009672377354612814
B,2018_2022,C_plus_turnout_size,elastic_net,09,0.014213117250406214,0.014708640646379707,-0.000495523395973493
B,2018_2022,C_plus_turnout_size,elastic_net,10,0.012989524569835265,0.011714603252406782,0.0012749213174284828
B,2018_2022,C_plus_turnout_size,elastic_net,12,0.01935041149629497,0.015580333156594336,0.003770078339700632
B,2018_2022,C_plus_turnout_size,elastic_net,13,0.013541057275437089,0.012325266400384107,0.001215790875052981
B,2018_2022,C_plus_turnout_size,elastic_net,14,0.014637407774118115,0.01244770647759152,0.0021897012965265954
B,2018_2022,C_plus_turnout_size,elastic_net,17,0.013813639203076263,0.014662532034729068,-0.0008488928316528043
B,2018_2022,C_plus_turnout_size,elastic_net,18,0.01568184020769484,0.013993197935049323,0.0016886422726455162
B,2018_2022,C_plus_turnout_size,elastic_net,19,0.014748605278071232,0.012900726657716905,0.0018478786203543277
B,2018_2022,C_plus_turnout_size,elastic_net,20,0.013709252043758216,0.013334617205333727,0.00037463483842448825
B,2018_2022,C_plus_turnout_size,elastic_net,21,0.013010599950574067,0.01318146236878423,-0.00017086241821016347
B,2018_2022,C_plus_turnout_size,elastic_net,22,0.015632811295522544,0.01718478554675396,-0.0015519742512314152
B,2018_2022,C_plus_turnout_size,elastic_net,23,0.013776635009900411,0.017279253664364426,-0.003502618654464015
B,2018_2022,C_plus_turnout_size,elastic_net,24,0.013722166500543588,0.015880051632233726,-0.002157885131690138
B,2018_2022,C_plus_turnout_size,elastic_net,25,0.013733345294858559,0.01537138985860327,-0.0016380445637447106
B,2018_2022,C_plus_turnout_size,lightgbm,01,0.018575261759349208,0.017703452777308688,0.00087180898204052
B,2018_2022,C_plus_turnout_size,lightgbm,03,0.014958457838334268,0.014583587548819044,0.00037487028951522366
B,2018_2022,C_plus_turnout_size,lightgbm,04,0.014358511551110589,0.012212805199016847,0.002145706352093742
B,2018_2022,C_plus_turnout_size,lightgbm,05,0.01380744722041393,0.012528280296783921,0.0012791669236300093
B,2018_2022,C_plus_turnout_size,lightgbm,06,0.012984576326901164,0.012445628969866583,0.0005389473570345804
B,2018_2022,C_plus_turnout_size,lightgbm,07,0.012781892455072606,0.012474773621412576,0.0003071188336600302
B,2018_2022,C_plus_turnout_size,lightgbm,08,0.013554194184754828,0.012905442271696264,0.000648751913058564
B,2018_2022,C_plus_turnout_size,lightgbm,09,0.013503789728641202,0.014708640646379707,-0.0012048509177385053
B,2018_2022,C_plus_turnout_size,lightgbm,10,0.01200304597420179,0.011714603252406782,0.00028844272179500904
B,2018_2022,C_plus_turnout_size,lightgbm,12,0.016843898857169057,0.015580333156594336,0.001263565700574721
B,2018_2022,C_plus_turnout_size,lightgbm,13,0.013322238602334106,0.012325266400384107,0.0009969722019499989
B,2018_2022,C_plus_turnout_size,lightgbm,14,0.014482143791982621,0.01244770647759152,0.0020344373143911017
B,2018_2022,C_plus_turnout_size,lightgbm,17,0.014291737593121996,0.014662532034729068,-0.00037079444160707103
B,2018_2022,C_plus_turnout_size,lightgbm,18,0.01581968766169557,0.013993197935049323,0.0018264897266462455
B,2018_2022,C_plus_turnout_size,lightgbm,19,0.01464337265550383,0.012900726657716905,0.0017426459977869253
B,2018_2022,C_plus_turnout_size,lightgbm,20,0.01365261252450195,0.013334617205333727,0.00031799531916822284
B,2018_2022,C_plus_turnout_size,lightgbm,21,0.013387455740880311,0.01318146236878423,0.00020599337209608118
B,2018_2022,C_plus_turnout_size,lightgbm,22,0.016668535409379893,0.01718478554675396,-0.0005162501373740663
B,2018_2022,C_plus_turnout_size,lightgbm,23,0.014121925558293098,0.017279253664364426,-0.003157328106071328
B,2018_2022,C_plus_turnout_size,lightgbm,24,0.014527963180894936,0.015880051632233726,-0.0013520884513387905
B,2018_2022,C_plus_turnout_size,lightgbm,25,0.015096567539919233,0.01537138985860327,-0.0002748223186840367
B,2018_2022,C_plus_turnout_size,ridge,01,0.020831657053528695,0.017703452777308688,0.0031282042762200077
B,2018_2022,C_plus_turnout_size,ridge,03,0.01625810551111634,0.014583587548819044,0.0016745179622972943
B,2018_2022,C_plus_turnout_size,ridge,04,0.01447638619673198,0.012212805199016847,0.002263580997715134
B,2018_2022,C_plus_turnout_size,ridge,05,0.01383480640179951,0.012528280296783921,0.0013065261050155888
B,2018_2022,C_plus_turnout_size,ridge,06,0.013185523090487226,0.012445628969866583,0.0007398941206206433
B,2018_2022,C_plus_turnout_size,ridge,07,0.01390498173343115,0.012474773621412576,0.0014302081120185738
B,2018_2022,C_plus_turnout_size,ridge,08,0.013151397523417018,0.012905442271696264,0.00024595525172075444
B,2018_2022,C_plus_turnout_size,ridge,09,0.013818786724716453,0.014708640646379707,-0.0008898539216632539
B,2018_2022,C_plus_turnout_size,ridge,10,0.013534928107217067,0.011714603252406782,0.001820324854810285
B,2018_2022,C_plus_turnout_size,ridge,12,0.020145943028362662,0.015580333156594336,0.004565609871768326
B,2018_2022,C_plus_turnout_size,ridge,13,0.014134731584019558,0.012325266400384107,0.0018094651836354503
B,2018_2022,C_plus_turnout_size,ridge,14,0.01532166878063842,0.01244770647759152,0.002873962303046901
B,2018_2022,C_plus_turnout_size,ridge,17,0.014038054365001737,0.014662532034729068,-0.0006244776697273309
B,2018_2022,C_plus_turnout_size,ridge,18,0.01605430371607715,0.013993197935049323,0.002061105781027828
B,2018_2022,C_plus_turnout_size,ridge,19,0.015242817016197823,0.012900726657716905,0.0023420903584809184
B,2018_2022,C_plus_turnout_size,ridge,20,0.01410259151701475,0.013334617205333727,0.0007679743116810224
B,2018_2022,C_plus_turnout_size,ridge,21,0.01332504979522862,0.01318146236878423,0.00014358742644438906
B,2018_2022,C_plus_turnout_size,ridge,22,0.015620312536235742,0.01718478554675396,-0.0015644730105182168
B,2018_2022,C_plus_turnout_size,ridge,23,0.013611781188028907,0.017279253664364426,-0.0036674724763355194
B,2018_2022,C_plus_turnout_size,ridge,24,0.013710523376542876,0.015880051632233726,-0.002169528255690851
B,2018_2022,C_plus_turnout_size,ridge,25,0.013795838657737654,0.01537138985860327,-0.0015755512008656155
B0,2018_2022,A_previous_shares,elastic_net,01,0.02061311860086563,0.017703452777308688,0.0029096658235569436
B0,2018_2022,A_previous_shares,elastic_net,03,0.016680585736575174,0.014583587548819044,0.0020969981877561293
B0,2018_2022,A_previous_shares,elastic_net,04,0.014410563224414082,0.012212805199016847,0.0021977580253972357
B0,2018_2022,A_previous_shares,elastic_net,05,0.014371231160952543,0.012528280296783921,0.0018429508641686215
B0,2018_2022,A_previous_shares,elastic_net,06,0.01356280109087815,0.012445628969866583,0.0011171721210115667
B0,2018_2022,A_previous_shares,elastic_net,07,0.01344963017502039,0.012474773621412576,0.0009748565536078137
B0,2018_2022,A_previous_shares,elastic_net,08,0.013700593555508997,0.012905442271696264,0.0007951512838127329
B0,2018_2022,A_previous_shares,elastic_net,09,0.015465520325639633,0.014708640646379707,0.0007568796792599263
B0,2018_2022,A_previous_shares,elastic_net,10,0.012644384689319638,0.011714603252406782,0.0009297814369128559
B0,2018_2022,A_previous_shares,elastic_net,12,0.019119607416153404,0.015580333156594336,0.003539274259559067
B0,2018_2022,A_previous_shares,elastic_net,13,0.013534824414349354,0.012325266400384107,0.0012095580139652468
B0,2018_2022,A_previous_shares,elastic_net,14,0.014983559081862245,0.01244770647759152,0.0025358526042707254
B0,2018_2022,A_previous_shares,elastic_net,17,0.014408920508981314,0.014662532034729068,-0.00025361152574775343
B0,2018_2022,A_previous_shares,elastic_net,18,0.01633905800401673,0.013993197935049323,0.002345860068967408
B0,2018_2022,A_previous_shares,elastic_net,19,0.014926120656936269,0.012900726657716905,0.002025393999219364
B0,2018_2022,A_previous_shares,elastic_net,20,0.014160195398608556,0.013334617205333727,0.0008255781932748289
B0,2018_2022,A_previous_shares,elastic_net,21,0.013493951961537153,0.01318146236878423,0.00031248959275292226
B0,2018_2022,A_previous_shares,elastic_net,22,0.017006194323123898,0.01718478554675396,-0.00017859122363006116
B0,2018_2022,A_previous_shares,elastic_net,23,0.013844378991046388,0.017279253664364426,-0.0034348746733180377
B0,2018_2022,A_previous_shares,elastic_net,24,0.014848282346384559,0.015880051632233726,-0.0010317692858491673
B0,2018_2022,A_previous_shares,elastic_net,25,0.014641647226524585,0.01537138985860327,-0.0007297426320786848
B0,2018_2022,A_previous_shares,lightgbm,01,0.0214546662146955,0.017703452777308688,0.003751213437386814
B0,2018_2022,A_previous_shares,lightgbm,03,0.016586031742034175,0.014583587548819044,0.0020024441932151305
B0,2018_2022,A_previous_shares,lightgbm,04,0.014663581269818794,0.012212805199016847,0.0024507760708019476
B0,2018_2022,A_previous_shares,lightgbm,05,0.014556176104469352,0.012528280296783921,0.0020278958076854307
B0,2018_2022,A_previous_shares,lightgbm,06,0.013758103248413952,0.012445628969866583,0.0013124742785473684
B0,2018_2022,A_previous_shares,lightgbm,07,0.013200017037548905,0.012474773621412576,0.0007252434161363289
B0,2018_2022,A_previous_shares,lightgbm,08,0.013537008899423851,0.012905442271696264,0.000631566627727587
B0,2018_2022,A_previous_shares,lightgbm,09,0.014528038716482403,0.014708640646379707,-0.00018060192989730398
B0,2018_2022,A_previous_shares,lightgbm,10,0.01239345426816485,0.011714603252406782,0.0006788510157580679
B0,2018_2022,A_previous_shares,lightgbm,12,0.018365664410725218,0.015580333156594336,0.0027853312541308815
B0,2018_2022,A_previous_shares,lightgbm,13,0.014411854076338843,0.012325266400384107,0.0020865876759547358
B0,2018_2022,A_previous_shares,lightgbm,14,0.014836155247875446,0.01244770647759152,0.0023884487702839265
B0,2018_2022,A_previous_shares,lightgbm,17,0.01469946890910814,0.014662532034729068,0.000036936874379072185
B0,2018_2022,A_previous_shares,lightgbm,18,0.0161144334254278,0.013993197935049323,0.0021212354903784782
B0,2018_2022,A_previous_shares,lightgbm,19,0.015164111227714506,0.012900726657716905,0.0022633845699976014
B0,2018_2022,A_previous_shares,lightgbm,20,0.013576908473294012,0.013334617205333727,0.00024229126796028455
B0,2018_2022,A_previous_shares,lightgbm,21,0.013340850858092407,0.01318146236878423,0.0001593884893081772
B0,2018_2022,A_previous_shares,lightgbm,22,0.016150947178374116,0.01718478554675396,-0.0010338383683798427
B0,2018_2022,A_previous_shares,lightgbm,23,0.013485007468198083,0.017279253664364426,-0.003794246196166343
B0,2018_2022,A_previous_shares,lightgbm,24,0.014460963918470383,0.015880051632233726,-0.001419087713763343
B0,2018_2022,A_previous_shares,lightgbm,25,0.014826620610750926,0.01537138985860327,-0.0005447692478523433
B0,2018_2022,A_previous_shares,ridge,01,0.020977615487185217,0.017703452777308688,0.0032741627098765297
B0,2018_2022,A_previous_shares,ridge,03,0.017075504940309853,0.014583587548819044,0.0024919173914908083
B0,2018_2022,A_previous_shares,ridge,04,0.014679653143233756,0.012212805199016847,0.002466847944216909
B0,2018_2022,A_previous_shares,ridge,05,0.014626232198376225,0.012528280296783921,0.0020979519015923032
B0,2018_2022,A_previous_shares,ridge,06,0.013855089313750717,0.012445628969866583,0.0014094603438841342
B0,2018_2022,A_previous_shares,ridge,07,0.01393489752957994,0.012474773621412576,0.001460123908167365
B0,2018_2022,A_previous_shares,ridge,08,0.013926674381665448,0.012905442271696264,0.0010212321099691835
B0,2018_2022,A_previous_shares,ridge,09,0.015526105095476132,0.014708640646379707,0.0008174644490964254
B0,2018_2022,A_previous_shares,ridge,10,0.012921925403643696,0.011714603252406782,0.0012073221512369139
B0,2018_2022,A_previous_shares,ridge,12,0.019527029824142946,0.015580333156594336,0.00394669666754861
B0,2018_2022,A_previous_shares,ridge,13,0.013829005390768177,0.012325266400384107,0.0015037389903840691
B0,2018_2022,A_previous_shares,ridge,14,0.015335625092040894,0.01244770647759152,0.002887918614449375
B0,2018_2022,A_previous_shares,ridge,17,0.014475159365393635,0.014662532034729068,-0.00018737266933543245
B0,2018_2022,A_previous_shares,ridge,18,0.016606062850369252,0.013993197935049323,0.0026128649153199287
B0,2018_2022,A_previous_shares,ridge,19,0.01527658067298981,0.012900726657716905,0.0023758540152729046
B0,2018_2022,A_previous_shares,ridge,20,0.014406180153722935,0.013334617205333727,0.0010715629483892073
B0,2018_2022,A_previous_shares,ridge,21,0.013673633629626866,0.01318146236878423,0.0004921712608426353
B0,2018_2022,A_previous_shares,ridge,22,0.01710947339678445,0.01718478554675396,-0.00007531214996951002
B0,2018_2022,A_previous_shares,ridge,23,0.013780817298559862,0.017279253664364426,-0.0034984363658045643
B0,2018_2022,A_previous_shares,ridge,24,0.015054250094188948,0.015880051632233726,-0.0008258015380447781
B0,2018_2022,A_previous_shares,ridge,25,0.014750073334515232,0.01537138985860327,-0.0006213165240880371
B0,2018_2022,B_plus_structure,elastic_net,01,0.02074330382728602,0.017703452777308688,0.003039851049977331
B0,2018_2022,B_plus_structure,elastic_net,03,0.016813013964307004,0.014583587548819044,0.0022294264154879596
B0,2018_2022,B_plus_structure,elastic_net,04,0.014521730982507914,0.012212805199016847,0.002308925783491067
B0,2018_2022,B_plus_structure,elastic_net,05,0.01449592661815427,0.012528280296783921,0.0019676463213703487
B0,2018_2022,B_plus_structure,elastic_net,06,0.013634989421590612,0.012445628969866583,0.0011893604517240284
B0,2018_2022,B_plus_structure,elastic_net,07,0.0134812893270628,0.012474773621412576,0.0010065157056502235
B0,2018_2022,B_plus_structure,elastic_net,08,0.013732379512806573,0.012905442271696264,0.0008269372411103086
B0,2018_2022,B_plus_structure,elastic_net,09,0.01564553085333535,0.014708640646379707,0.0009368902069556446
B0,2018_2022,B_plus_structure,elastic_net,10,0.01266911738294841,0.011714603252406782,0.0009545141305416279
B0,2018_2022,B_plus_structure,elastic_net,12,0.019148820193413664,0.015580333156594336,0.0035684870368193275
B0,2018_2022,B_plus_structure,elastic_net,13,0.01362876004101876,0.012325266400384107,0.0013034936406346523
B0,2018_2022,B_plus_structure,elastic_net,14,0.015071321361544453,0.01244770647759152,0.0026236148839529332
B0,2018_2022,B_plus_structure,elastic_net,17,0.014478770991477735,0.014662532034729068,-0.00018376104325133237
B0,2018_2022,B_plus_structure,elastic_net,18,0.016362906425527148,0.013993197935049323,0.002369708490477825
B0,2018_2022,B_plus_structure,elastic_net,19,0.015014031558773698,0.012900726657716905,0.0021133049010567933
B0,2018_2022,B_plus_structure,elastic_net,20,0.014234479169371617,0.013334617205333727,0.0008998619640378895
B0,2018_2022,B_plus_structure,elastic_net,21,0.013518045949893132,0.01318146236878423,0.000336583581108902
B0,2018_2022,B_plus_structure,elastic_net,22,0.016900689533633734,0.01718478554675396,-0.0002840960131202247
B0,2018_2022,B_plus_structure,elastic_net,23,0.013825602887932414,0.017279253664364426,-0.0034536507764320115
B0,2018_2022,B_plus_structure,elastic_net,24,0.014829398921504105,0.015880051632233726,-0.0010506527107296219
B0,2018_2022,B_plus_structure,elastic_net,25,0.014548033378925023,0.01537138985860327,-0.0008233564796782458
B0,2018_2022,B_plus_structure,lightgbm,01,0.02153942700420478,0.017703452777308688,0.003835974226896091
B0,2018_2022,B_plus_structure,lightgbm,03,0.016768585718181343,0.014583587548819044,0.002184998169362299
B0,2018_2022,B_plus_structure,lightgbm,04,0.014716853089837582,0.012212805199016847,0.0025040478908207355
B0,2018_2022,B_plus_structure,lightgbm,05,0.014597878892283022,0.012528280296783921,0.0020695985954991003
B0,2018_2022,B_plus_structure,lightgbm,06,0.013725274474963805,0.012445628969866583,0.0012796455050972221
B0,2018_2022,B_plus_structure,lightgbm,07,0.013228607463514565,0.012474773621412576,0.0007538338421019895
B0,2018_2022,B_plus_structure,lightgbm,08,0.013571586556000192,0.012905442271696264,0.0006661442843039281
B0,2018_2022,B_plus_structure,lightgbm,09,0.0144668296982746,0.014708640646379707,-0.00024181094810510687
B0,2018_2022,B_plus_structure,lightgbm,10,0.012553828603045786,0.011714603252406782,0.0008392253506390047
B0,2018_2022,B_plus_structure,lightgbm,12,0.018422828801916962,0.015580333156594336,0.0028424956453226256
B0,2018_2022,B_plus_structure,lightgbm,13,0.014624389289619684,0.012325266400384107,0.0022991228892355765
B0,2018_2022,B_plus_structure,lightgbm,14,0.014952778494362235,0.01244770647759152,0.0025050720167707156
B0,2018_2022,B_plus_structure,lightgbm,17,0.014863107317572451,0.014662532034729068,0.00020057528284338384
B0,2018_2022,B_plus_structure,lightgbm,18,0.01630240163522928,0.013993197935049323,0.0023092037001799567
B0,2018_2022,B_plus_structure,lightgbm,19,0.015258375426863431,0.012900726657716905,0.0023576487691465264
B0,2018_2022,B_plus_structure,lightgbm,20,0.013953652843398917,0.013334617205333727,0.0006190356380651896
B0,2018_2022,B_plus_structure,lightgbm,21,0.013650400522957348,0.01318146236878423,0.0004689381541731173
B0,2018_2022,B_plus_structure,lightgbm,22,0.01638950149374268,0.01718478554675396,-0.0007952840530112797
B0,2018_2022,B_plus_structure,lightgbm,23,0.013577864701114299,0.017279253664364426,-0.003701388963250127
B0,2018_2022,B_plus_structure,lightgbm,24,0.014606573308282477,0.015880051632233726,-0.0012734783239512493
B0,2018_2022,B_plus_structure,lightgbm,25,0.015335380974289521,0.01537138985860327,-0.000036008884313747797
B0,2018_2022,B_plus_structure,ridge,01,0.021113035233681625,0.017703452777308688,0.0034095824563729372
B0,2018_2022,B_plus_structure,ridge,03,0.017381618889360965,0.014583587548819044,0.0027980313405419205
B0,2018_2022,B_plus_structure,ridge,04,0.014882283498130634,0.012212805199016847,0.002669478299113787
B0,2018_2022,B_plus_structure,ridge,05,0.01490339043598614,0.012528280296783921,0.002375110139202219
B0,2018_2022,B_plus_structure,ridge,06,0.013728890803231138,0.012445628969866583,0.0012832618333645553
B0,2018_2022,B_plus_structure,ridge,07,0.013966268502141882,0.012474773621412576,0.0014914948807293067
B0,2018_2022,B_plus_structure,ridge,08,0.013970289053565338,0.012905442271696264,0.0010648467818690742
B0,2018_2022,B_plus_structure,ridge,09,0.015642265446815705,0.014708640646379707,0.000933624800435998
B0,2018_2022,B_plus_structure,ridge,10,0.013146713687337545,0.011714603252406782,0.0014321104349307636
B0,2018_2022,B_plus_structure,ridge,12,0.01964090398861032,0.015580333156594336,0.004060570832015983
B0,2018_2022,B_plus_structure,ridge,13,0.013902179034803227,0.012325266400384107,0.0015769126344191194
B0,2018_2022,B_plus_structure,ridge,14,0.015551671074532782,0.01244770647759152,0.0031039645969412628
B0,2018_2022,B_plus_structure,ridge,17,0.01458201885465159,0.014662532034729068,-0.00008051318007747804
B0,2018_2022,B_plus_structure,ridge,18,0.01679039723924572,0.013993197935049323,0.0027971993041963957
B0,2018_2022,B_plus_structure,ridge,19,0.015460221947554264,0.012900726657716905,0.002559495289837359
B0,2018_2022,B_plus_structure,ridge,20,0.014657134812460944,0.013334617205333727,0.001322517607127217
B0,2018_2022,B_plus_structure,ridge,21,0.013728019677014506,0.01318146236878423,0.000546557308230276
B0,2018_2022,B_plus_structure,ridge,22,0.016828359586189865,0.01718478554675396,-0.00035642596056409404
B0,2018_2022,B_plus_structure,ridge,23,0.013649021230484339,0.017279253664364426,-0.003630232433880087
B0,2018_2022,B_plus_structure,ridge,24,0.014913315825799906,0.015880051632233726,-0.0009667358064338206
B0,2018_2022,B_plus_structure,ridge,25,0.014614683383915654,0.01537138985860327,-0.000756706474687615
B0,2018_2022,C_plus_turnout_size,elastic_net,01,0.020709197648322325,0.017703452777308688,0.0030057448710136374
B0,2018_2022,C_plus_turnout_size,elastic_net,03,0.016875882929427273,0.014583587548819044,0.0022922953806082287
B0,2018_2022,C_plus_turnout_size,elastic_net,04,0.0145975021695482,0.012212805199016847,0.0023846969705313536
B0,2018_2022,C_plus_turnout_size,elastic_net,05,0.01459222701446007,0.012528280296783921,0.002063946717676148
B0,2018_2022,C_plus_turnout_size,elastic_net,06,0.013688174311712983,0.012445628969866583,0.0012425453418463996
B0,2018_2022,C_plus_turnout_size,elastic_net,07,0.013549501405391231,0.012474773621412576,0.0010747277839786556
B0,2018_2022,C_plus_turnout_size,elastic_net,08,0.013806290676177769,0.012905442271696264,0.0009008484044815048
B0,2018_2022,C_plus_turnout_size,elastic_net,09,0.01567748662459714,0.014708640646379707,0.0009688459782174318
B0,2018_2022,C_plus_turnout_size,elastic_net,10,0.012879921232706246,0.011714603252406782,0.001165317980299464
B0,2018_2022,C_plus_turnout_size,elastic_net,12,0.019168190106404314,0.015580333156594336,0.0035878569498099776
B0,2018_2022,C_plus_turnout_size,elastic_net,13,0.01366102517949556,0.012325266400384107,0.0013357587791114518
B0,2018_2022,C_plus_turnout_size,elastic_net,14,0.015203227260700562,0.01244770647759152,0.002755520783109042
B0,2018_2022,C_plus_turnout_size,elastic_net,17,0.014553515564787635,0.014662532034729068,-0.00010901646994143296
B0,2018_2022,C_plus_turnout_size,elastic_net,18,0.016507355463858193,0.013993197935049323,0.0025141575288088695
B0,2018_2022,C_plus_turnout_size,elastic_net,19,0.015158756521363134,0.012900726657716905,0.002258029863646229
B0,2018_2022,C_plus_turnout_size,elastic_net,20,0.014417941646322792,0.013334617205333727,0.0010833244409890648
B0,2018_2022,C_plus_turnout_size,elastic_net,21,0.013721662834566464,0.01318146236878423,0.0005402004657822333
B0,2018_2022,C_plus_turnout_size,elastic_net,22,0.017016517064877324,0.01718478554675396,-0.000168268481876635
B0,2018_2022,C_plus_turnout_size,elastic_net,23,0.01386004097908698,0.017279253664364426,-0.0034192126852774455
B0,2018_2022,C_plus_turnout_size,elastic_net,24,0.014929328084655438,0.015880051632233726,-0.0009507235475782888
B0,2018_2022,C_plus_turnout_size,elastic_net,25,0.01486930661794739,0.01537138985860327,-0.0005020832406558793
B0,2018_2022,C_plus_turnout_size,lightgbm,01,0.021420217930558958,0.017703452777308688,0.0037167651532502705
B0,2018_2022,C_plus_turnout_size,lightgbm,03,0.016861586749859162,0.014583587548819044,0.002277999201040118
B0,2018_2022,C_plus_turnout_size,lightgbm,04,0.01451061078402517,0.012212805199016847,0.002297805585008323
B0,2018_2022,C_plus_turnout_size,lightgbm,05,0.014653716395623203,0.012528280296783921,0.002125436098839282
B0,2018_2022,C_plus_turnout_size,lightgbm,06,0.013408090024451145,0.012445628969866583,0.0009624610545845621
B0,2018_2022,C_plus_turnout_size,lightgbm,07,0.013152872661880434,0.012474773621412576,0.000678099040467858
B0,2018_2022,C_plus_turnout_size,lightgbm,08,0.013609837350189648,0.012905442271696264,0.0007043950784933837
B0,2018_2022,C_plus_turnout_size,lightgbm,09,0.014694582358938401,0.014708640646379707,-0.000014058287441305953
B0,2018_2022,C_plus_turnout_size,lightgbm,10,0.012223629303835507,0.011714603252406782,0.0005090260514287251
B0,2018_2022,C_plus_turnout_size,lightgbm,12,0.01830016547189471,0.015580333156594336,0.0027198323153003745
B0,2018_2022,C_plus_turnout_size,lightgbm,13,0.014071147228110578,0.012325266400384107,0.0017458808277264707
B0,2018_2022,C_plus_turnout_size,lightgbm,14,0.014944381812709805,0.01244770647759152,0.002496675335118286
B0,2018_2022,C_plus_turnout_size,lightgbm,17,0.01454157535754776,0.014662532034729068,-0.00012095667718130775
B0,2018_2022,C_plus_turnout_size,lightgbm,18,0.016384470630685356,0.013993197935049323,0.002391272695636033
B0,2018_2022,C_plus_turnout_size,lightgbm,19,0.01494270994828376,0.012900726657716905,0.002041983290566856
B0,2018_2022,C_plus_turnout_size,lightgbm,20,0.013852345552698967,0.013334617205333727,0.0005177283473652393
B0,2018_2022,C_plus_turnout_size,lightgbm,21,0.013498238423620497,0.01318146236878423,0.000316776054836267
B0,2018_2022,C_plus_turnout_size,lightgbm,22,0.016636670883517682,0.01718478554675396,-0.0005481146632362772
B0,2018_2022,C_plus_turnout_size,lightgbm,23,0.013695569422776555,0.017279253664364426,-0.0035836842415878714
B0,2018_2022,C_plus_turnout_size,lightgbm,24,0.014952335720921169,0.015880051632233726,-0.0009277159113125575
B0,2018_2022,C_plus_turnout_size,lightgbm,25,0.015538182094271168,0.01537138985860327,0.00016679223566789907
B0,2018_2022,C_plus_turnout_size,ridge,01,0.021047235733790953,0.017703452777308688,0.003343782956482265
B0,2018_2022,C_plus_turnout_size,ridge,03,0.01737630271668709,0.014583587548819044,0.002792715167868047
B0,2018_2022,C_plus_turnout_size,ridge,04,0.014889602215439578,0.012212805199016847,0.002676797016422731
B0,2018_2022,C_plus_turnout_size,ridge,05,0.014946183739638219,0.012528280296783921,0.0024179034428542974
B0,2018_2022,C_plus_turnout_size,ridge,06,0.013744724790904633,0.012445628969866583,0.0012990958210380502
B0,2018_2022,C_plus_turnout_size,ridge,07,0.013994318197823796,0.012474773621412576,0.0015195445764112202
B0,2018_2022,C_plus_turnout_size,ridge,08,0.014011253257604958,0.012905442271696264,0.0011058109859086937
B0,2018_2022,C_plus_turnout_size,ridge,09,0.015599960017560454,0.014708640646379707,0.0008913193711807474
B0,2018_2022,C_plus_turnout_size,ridge,10,0.013336083479577706,0.011714603252406782,0.0016214802271709242
B0,2018_2022,C_plus_turnout_size,ridge,12,0.019609985137711318,0.015580333156594336,0.0040296519811169815
B0,2018_2022,C_plus_turnout_size,ridge,13,0.013878339284659012,0.012325266400384107,0.0015530728842749041
B0,2018_2022,C_plus_turnout_size,ridge,14,0.015626815447862655,0.01244770647759152,0.003179108970271136
B0,2018_2022,C_plus_turnout_size,ridge,17,0.014603191213213705,0.014662532034729068,-0.00005934082151536242
B0,2018_2022,C_plus_turnout_size,ridge,18,0.016878890292968844,0.013993197935049323,0.002885692357919521
B0,2018_2022,C_plus_turnout_size,ridge,19,0.015543300119852941,0.012900726657716905,0.0026425734621360365
B0,2018_2022,C_plus_turnout_size,ridge,20,0.014797242933210742,0.013334617205333727,0.0014626257278770143
B0,2018_2022,C_plus_turnout_size,ridge,21,0.013910567321348693,0.01318146236878423,0.0007291049525644626
B0,2018_2022,C_plus_turnout_size,ridge,22,0.01687998601250624,0.01718478554675396,-0.0003047995342477204
B0,2018_2022,C_plus_turnout_size,ridge,23,0.013656648174091556,0.017279253664364426,-0.00362260549027287
B0,2018_2022,C_plus_turnout_size,ridge,24,0.014927365981638532,0.015880051632233726,-0.000952685650595194
B0,2018_2022,C_plus_turnout_size,ridge,25,0.014881203183956221,0.01537138985860327,-0.0004901866746470484
